# --- WireDatabaseBackup {"time":"2024-09-26 21:13:54","user":"","dbName":"db","description":"","tables":[],"excludeTables":["pages_drafts","pages_roles","permissions","roles","roles_permissions","users","users_roles","user","role","permission"],"excludeCreateTables":[],"excludeExportTables":["field_roles","field_permissions","field_email","field_pass","caches","session_login_throttle","page_path_history"]}

DROP TABLE IF EXISTS `caches`;
CREATE TABLE `caches` (
  `name` varchar(191) NOT NULL,
  `data` mediumtext NOT NULL,
  `expires` datetime NOT NULL,
  PRIMARY KEY (`name`),
  KEY `expires` (`expires`)
) ENGINE=MyISAM DEFAULT CHARSET=utf8 COLLATE=utf8mb4_general_ci;

DROP TABLE IF EXISTS `field_admin_theme`;
CREATE TABLE `field_admin_theme` (
  `pages_id` int(10) unsigned NOT NULL,
  `data` int(11) NOT NULL,
  PRIMARY KEY (`pages_id`),
  KEY `data` (`data`)
) ENGINE=MyISAM DEFAULT CHARSET=utf8 COLLATE=utf8mb4_general_ci;

INSERT INTO `field_admin_theme` (`pages_id`, `data`) VALUES('41', '187');

DROP TABLE IF EXISTS `field_email`;
CREATE TABLE `field_email` (
  `pages_id` int(10) unsigned NOT NULL,
  `data` varchar(191) NOT NULL DEFAULT '',
  PRIMARY KEY (`pages_id`),
  KEY `data_exact` (`data`),
  FULLTEXT KEY `data` (`data`)
) ENGINE=MyISAM DEFAULT CHARSET=utf8 COLLATE=utf8mb4_general_ci;

DROP TABLE IF EXISTS `field_pass`;
CREATE TABLE `field_pass` (
  `pages_id` int(10) unsigned NOT NULL,
  `data` char(40) NOT NULL,
  `salt` char(32) NOT NULL,
  PRIMARY KEY (`pages_id`),
  KEY `data` (`data`)
) ENGINE=MyISAM DEFAULT CHARSET=ascii COLLATE=ascii_general_ci;

DROP TABLE IF EXISTS `field_permissions`;
CREATE TABLE `field_permissions` (
  `pages_id` int(10) unsigned NOT NULL,
  `data` int(11) NOT NULL,
  `sort` int(10) unsigned NOT NULL,
  PRIMARY KEY (`pages_id`,`sort`),
  KEY `data` (`data`,`pages_id`,`sort`)
) ENGINE=MyISAM DEFAULT CHARSET=utf8 COLLATE=utf8mb4_general_ci;

DROP TABLE IF EXISTS `field_process`;
CREATE TABLE `field_process` (
  `pages_id` int(11) NOT NULL DEFAULT 0,
  `data` int(11) NOT NULL DEFAULT 0,
  PRIMARY KEY (`pages_id`),
  KEY `data` (`data`)
) ENGINE=MyISAM DEFAULT CHARSET=utf8 COLLATE=utf8mb4_general_ci;

INSERT INTO `field_process` (`pages_id`, `data`) VALUES('10', '7');
INSERT INTO `field_process` (`pages_id`, `data`) VALUES('23', '10');
INSERT INTO `field_process` (`pages_id`, `data`) VALUES('3', '12');
INSERT INTO `field_process` (`pages_id`, `data`) VALUES('8', '12');
INSERT INTO `field_process` (`pages_id`, `data`) VALUES('9', '14');
INSERT INTO `field_process` (`pages_id`, `data`) VALUES('6', '17');
INSERT INTO `field_process` (`pages_id`, `data`) VALUES('11', '47');
INSERT INTO `field_process` (`pages_id`, `data`) VALUES('16', '48');
INSERT INTO `field_process` (`pages_id`, `data`) VALUES('21', '50');
INSERT INTO `field_process` (`pages_id`, `data`) VALUES('29', '66');
INSERT INTO `field_process` (`pages_id`, `data`) VALUES('30', '68');
INSERT INTO `field_process` (`pages_id`, `data`) VALUES('22', '76');
INSERT INTO `field_process` (`pages_id`, `data`) VALUES('28', '76');
INSERT INTO `field_process` (`pages_id`, `data`) VALUES('2', '87');
INSERT INTO `field_process` (`pages_id`, `data`) VALUES('300', '104');
INSERT INTO `field_process` (`pages_id`, `data`) VALUES('301', '109');
INSERT INTO `field_process` (`pages_id`, `data`) VALUES('302', '121');
INSERT INTO `field_process` (`pages_id`, `data`) VALUES('303', '129');
INSERT INTO `field_process` (`pages_id`, `data`) VALUES('31', '136');
INSERT INTO `field_process` (`pages_id`, `data`) VALUES('304', '138');
INSERT INTO `field_process` (`pages_id`, `data`) VALUES('1007', '150');
INSERT INTO `field_process` (`pages_id`, `data`) VALUES('1010', '175');
INSERT INTO `field_process` (`pages_id`, `data`) VALUES('1012', '200');
INSERT INTO `field_process` (`pages_id`, `data`) VALUES('1017', '403');
INSERT INTO `field_process` (`pages_id`, `data`) VALUES('1021', '460');
INSERT INTO `field_process` (`pages_id`, `data`) VALUES('1029', '657');

DROP TABLE IF EXISTS `field_roles`;
CREATE TABLE `field_roles` (
  `pages_id` int(10) unsigned NOT NULL,
  `data` int(11) NOT NULL,
  `sort` int(10) unsigned NOT NULL,
  PRIMARY KEY (`pages_id`,`sort`),
  KEY `data` (`data`,`pages_id`,`sort`)
) ENGINE=MyISAM DEFAULT CHARSET=utf8 COLLATE=utf8mb4_general_ci;

DROP TABLE IF EXISTS `field_title`;
CREATE TABLE `field_title` (
  `pages_id` int(10) unsigned NOT NULL,
  `data` text NOT NULL,
  PRIMARY KEY (`pages_id`),
  KEY `data_exact` (`data`(191)),
  FULLTEXT KEY `data` (`data`)
) ENGINE=MyISAM DEFAULT CHARSET=utf8 COLLATE=utf8mb4_general_ci;

INSERT INTO `field_title` (`pages_id`, `data`) VALUES('1', 'Quickstart');
INSERT INTO `field_title` (`pages_id`, `data`) VALUES('2', 'Admin');
INSERT INTO `field_title` (`pages_id`, `data`) VALUES('3', 'Pages');
INSERT INTO `field_title` (`pages_id`, `data`) VALUES('6', 'Add Page');
INSERT INTO `field_title` (`pages_id`, `data`) VALUES('7', 'Trash');
INSERT INTO `field_title` (`pages_id`, `data`) VALUES('8', 'Tree');
INSERT INTO `field_title` (`pages_id`, `data`) VALUES('9', 'Save Sort');
INSERT INTO `field_title` (`pages_id`, `data`) VALUES('10', 'Edit');
INSERT INTO `field_title` (`pages_id`, `data`) VALUES('11', 'Templates');
INSERT INTO `field_title` (`pages_id`, `data`) VALUES('16', 'Fields');
INSERT INTO `field_title` (`pages_id`, `data`) VALUES('21', 'Modules');
INSERT INTO `field_title` (`pages_id`, `data`) VALUES('22', 'Setup');
INSERT INTO `field_title` (`pages_id`, `data`) VALUES('23', 'Login');
INSERT INTO `field_title` (`pages_id`, `data`) VALUES('27', '404 Not Found');
INSERT INTO `field_title` (`pages_id`, `data`) VALUES('28', 'Access');
INSERT INTO `field_title` (`pages_id`, `data`) VALUES('29', 'Users');
INSERT INTO `field_title` (`pages_id`, `data`) VALUES('30', 'Roles');
INSERT INTO `field_title` (`pages_id`, `data`) VALUES('31', 'Permissions');
INSERT INTO `field_title` (`pages_id`, `data`) VALUES('32', 'Edit pages');
INSERT INTO `field_title` (`pages_id`, `data`) VALUES('34', 'Delete pages');
INSERT INTO `field_title` (`pages_id`, `data`) VALUES('35', 'Move pages (change parent)');
INSERT INTO `field_title` (`pages_id`, `data`) VALUES('36', 'View pages');
INSERT INTO `field_title` (`pages_id`, `data`) VALUES('50', 'Sort child pages');
INSERT INTO `field_title` (`pages_id`, `data`) VALUES('51', 'Change templates on pages');
INSERT INTO `field_title` (`pages_id`, `data`) VALUES('52', 'Administer users');
INSERT INTO `field_title` (`pages_id`, `data`) VALUES('53', 'User can update profile/password');
INSERT INTO `field_title` (`pages_id`, `data`) VALUES('54', 'Lock or unlock a page');
INSERT INTO `field_title` (`pages_id`, `data`) VALUES('300', 'Search');
INSERT INTO `field_title` (`pages_id`, `data`) VALUES('301', 'Empty Trash');
INSERT INTO `field_title` (`pages_id`, `data`) VALUES('302', 'Insert Link');
INSERT INTO `field_title` (`pages_id`, `data`) VALUES('303', 'Insert Image');
INSERT INTO `field_title` (`pages_id`, `data`) VALUES('304', 'Profile');
INSERT INTO `field_title` (`pages_id`, `data`) VALUES('1006', 'Use Page Lister');
INSERT INTO `field_title` (`pages_id`, `data`) VALUES('1007', 'Find');
INSERT INTO `field_title` (`pages_id`, `data`) VALUES('1010', 'Recent');
INSERT INTO `field_title` (`pages_id`, `data`) VALUES('1011', 'Can see recently edited pages');
INSERT INTO `field_title` (`pages_id`, `data`) VALUES('1012', 'Logs');
INSERT INTO `field_title` (`pages_id`, `data`) VALUES('1013', 'Can view system logs');
INSERT INTO `field_title` (`pages_id`, `data`) VALUES('1014', 'Can manage system logs');
INSERT INTO `field_title` (`pages_id`, `data`) VALUES('1016', 'Is allowed to use ALFRED frontend editing');
INSERT INTO `field_title` (`pages_id`, `data`) VALUES('1017', 'Upgrades');
INSERT INTO `field_title` (`pages_id`, `data`) VALUES('1021', 'Adminer');
INSERT INTO `field_title` (`pages_id`, `data`) VALUES('1028', 'Basic-Page');
INSERT INTO `field_title` (`pages_id`, `data`) VALUES('1029', 'Adminer Renderer');

DROP TABLE IF EXISTS `fieldgroups`;
CREATE TABLE `fieldgroups` (
  `id` int(10) unsigned NOT NULL AUTO_INCREMENT,
  `name` varchar(191) CHARACTER SET ascii COLLATE ascii_general_ci NOT NULL,
  PRIMARY KEY (`id`),
  UNIQUE KEY `name` (`name`)
) ENGINE=MyISAM AUTO_INCREMENT=97 DEFAULT CHARSET=utf8 COLLATE=utf8mb4_general_ci;

INSERT INTO `fieldgroups` (`id`, `name`) VALUES('2', 'admin');
INSERT INTO `fieldgroups` (`id`, `name`) VALUES('83', 'basic-page');
INSERT INTO `fieldgroups` (`id`, `name`) VALUES('1', 'home');
INSERT INTO `fieldgroups` (`id`, `name`) VALUES('5', 'permission');
INSERT INTO `fieldgroups` (`id`, `name`) VALUES('4', 'role');
INSERT INTO `fieldgroups` (`id`, `name`) VALUES('3', 'user');

DROP TABLE IF EXISTS `fieldgroups_fields`;
CREATE TABLE `fieldgroups_fields` (
  `fieldgroups_id` int(10) unsigned NOT NULL DEFAULT 0,
  `fields_id` int(10) unsigned NOT NULL DEFAULT 0,
  `sort` int(11) unsigned NOT NULL DEFAULT 0,
  `data` text DEFAULT NULL,
  PRIMARY KEY (`fieldgroups_id`,`fields_id`)
) ENGINE=MyISAM DEFAULT CHARSET=utf8 COLLATE=utf8mb4_general_ci;

INSERT INTO `fieldgroups_fields` (`fieldgroups_id`, `fields_id`, `sort`, `data`) VALUES('1', '1', '0', NULL);
INSERT INTO `fieldgroups_fields` (`fieldgroups_id`, `fields_id`, `sort`, `data`) VALUES('2', '1', '0', NULL);
INSERT INTO `fieldgroups_fields` (`fieldgroups_id`, `fields_id`, `sort`, `data`) VALUES('2', '2', '1', NULL);
INSERT INTO `fieldgroups_fields` (`fieldgroups_id`, `fields_id`, `sort`, `data`) VALUES('3', '3', '0', NULL);
INSERT INTO `fieldgroups_fields` (`fieldgroups_id`, `fields_id`, `sort`, `data`) VALUES('3', '4', '2', NULL);
INSERT INTO `fieldgroups_fields` (`fieldgroups_id`, `fields_id`, `sort`, `data`) VALUES('3', '92', '1', NULL);
INSERT INTO `fieldgroups_fields` (`fieldgroups_id`, `fields_id`, `sort`, `data`) VALUES('3', '97', '3', NULL);
INSERT INTO `fieldgroups_fields` (`fieldgroups_id`, `fields_id`, `sort`, `data`) VALUES('4', '5', '0', NULL);
INSERT INTO `fieldgroups_fields` (`fieldgroups_id`, `fields_id`, `sort`, `data`) VALUES('5', '1', '0', NULL);
INSERT INTO `fieldgroups_fields` (`fieldgroups_id`, `fields_id`, `sort`, `data`) VALUES('83', '1', '0', NULL);

DROP TABLE IF EXISTS `fields`;
CREATE TABLE `fields` (
  `id` int(10) unsigned NOT NULL AUTO_INCREMENT,
  `type` varchar(128) CHARACTER SET ascii COLLATE ascii_general_ci NOT NULL,
  `name` varchar(191) CHARACTER SET ascii COLLATE ascii_general_ci NOT NULL,
  `flags` int(11) NOT NULL DEFAULT 0,
  `label` varchar(191) NOT NULL DEFAULT '',
  `data` text NOT NULL,
  PRIMARY KEY (`id`),
  UNIQUE KEY `name` (`name`),
  KEY `type` (`type`)
) ENGINE=MyISAM AUTO_INCREMENT=98 DEFAULT CHARSET=utf8 COLLATE=utf8mb4_general_ci;

INSERT INTO `fields` (`id`, `type`, `name`, `flags`, `label`, `data`) VALUES('1', 'FieldtypePageTitle', 'title', '13', 'Title', '{\"required\":1,\"textformatters\":[\"TextformatterEntities\"],\"size\":0,\"maxlength\":255}');
INSERT INTO `fields` (`id`, `type`, `name`, `flags`, `label`, `data`) VALUES('2', 'FieldtypeModule', 'process', '25', 'Process', '{\"description\":\"The process that is executed on this page. Since this is mostly used by ProcessWire internally, it is recommended that you don\'t change the value of this unless adding your own pages in the admin.\",\"collapsed\":1,\"required\":1,\"moduleTypes\":[\"Process\"],\"permanent\":1}');
INSERT INTO `fields` (`id`, `type`, `name`, `flags`, `label`, `data`) VALUES('3', 'FieldtypePassword', 'pass', '24', 'Set Password', '{\"collapsed\":1,\"size\":50,\"maxlength\":128}');
INSERT INTO `fields` (`id`, `type`, `name`, `flags`, `label`, `data`) VALUES('4', 'FieldtypePage', 'roles', '24', 'Roles', '{\"derefAsPage\":0,\"parent_id\":30,\"labelFieldName\":\"name\",\"inputfield\":\"InputfieldCheckboxes\",\"description\":\"User will inherit the permissions assigned to each role. You may assign multiple roles to a user. When accessing a page, the user will only inherit permissions from the roles that are also assigned to the page\'s template.\"}');
INSERT INTO `fields` (`id`, `type`, `name`, `flags`, `label`, `data`) VALUES('5', 'FieldtypePage', 'permissions', '24', 'Permissions', '{\"derefAsPage\":0,\"parent_id\":31,\"labelFieldName\":\"title\",\"inputfield\":\"InputfieldCheckboxes\"}');
INSERT INTO `fields` (`id`, `type`, `name`, `flags`, `label`, `data`) VALUES('92', 'FieldtypeEmail', 'email', '9', 'E-Mail Address', '{\"size\":70,\"maxlength\":255}');
INSERT INTO `fields` (`id`, `type`, `name`, `flags`, `label`, `data`) VALUES('97', 'FieldtypeModule', 'admin_theme', '8', 'Admin Theme', '{\"moduleTypes\":[\"AdminTheme\"],\"labelField\":\"title\",\"inputfieldClass\":\"InputfieldRadios\"}');

DROP TABLE IF EXISTS `modules`;
CREATE TABLE `modules` (
  `id` int(10) unsigned NOT NULL AUTO_INCREMENT,
  `class` varchar(128) CHARACTER SET ascii COLLATE ascii_general_ci NOT NULL,
  `flags` int(11) NOT NULL DEFAULT 0,
  `data` mediumtext NOT NULL,
  `created` timestamp NOT NULL DEFAULT current_timestamp(),
  PRIMARY KEY (`id`),
  UNIQUE KEY `class` (`class`)
) ENGINE=MyISAM AUTO_INCREMENT=663 DEFAULT CHARSET=utf8 COLLATE=utf8mb4_general_ci;

INSERT INTO `modules` (`id`, `class`, `flags`, `data`, `created`) VALUES('1', 'FieldtypeTextarea', '0', '', '2024-03-16 10:17:38');
INSERT INTO `modules` (`id`, `class`, `flags`, `data`, `created`) VALUES('3', 'FieldtypeText', '0', '', '2024-03-16 10:17:38');
INSERT INTO `modules` (`id`, `class`, `flags`, `data`, `created`) VALUES('4', 'FieldtypePage', '0', '', '2024-03-16 10:17:38');
INSERT INTO `modules` (`id`, `class`, `flags`, `data`, `created`) VALUES('6', 'FieldtypeFile', '0', '', '2024-03-16 10:17:38');
INSERT INTO `modules` (`id`, `class`, `flags`, `data`, `created`) VALUES('7', 'ProcessPageEdit', '1', '', '2024-03-16 10:17:38');
INSERT INTO `modules` (`id`, `class`, `flags`, `data`, `created`) VALUES('10', 'ProcessLogin', '0', '', '2024-03-16 10:17:38');
INSERT INTO `modules` (`id`, `class`, `flags`, `data`, `created`) VALUES('12', 'ProcessPageList', '0', '{\"pageLabelField\":\"title\",\"paginationLimit\":25,\"limit\":50,\"hidePages\":[404],\"hidePagesNot\":[],\"useTrash\":\"\",\"speed\":200,\"qtyType\":\"\"}', '2024-03-16 10:17:38');
INSERT INTO `modules` (`id`, `class`, `flags`, `data`, `created`) VALUES('14', 'ProcessPageSort', '0', '', '2024-03-16 10:17:38');
INSERT INTO `modules` (`id`, `class`, `flags`, `data`, `created`) VALUES('15', 'InputfieldPageListSelect', '0', '', '2024-03-16 10:17:38');
INSERT INTO `modules` (`id`, `class`, `flags`, `data`, `created`) VALUES('17', 'ProcessPageAdd', '0', '', '2024-03-16 10:17:38');
INSERT INTO `modules` (`id`, `class`, `flags`, `data`, `created`) VALUES('25', 'InputfieldAsmSelect', '0', '', '2024-03-16 10:17:38');
INSERT INTO `modules` (`id`, `class`, `flags`, `data`, `created`) VALUES('27', 'FieldtypeModule', '0', '', '2024-03-16 10:17:38');
INSERT INTO `modules` (`id`, `class`, `flags`, `data`, `created`) VALUES('28', 'FieldtypeDatetime', '0', '', '2024-03-16 10:17:38');
INSERT INTO `modules` (`id`, `class`, `flags`, `data`, `created`) VALUES('29', 'FieldtypeEmail', '0', '', '2024-03-16 10:17:38');
INSERT INTO `modules` (`id`, `class`, `flags`, `data`, `created`) VALUES('30', 'InputfieldForm', '0', '', '2024-03-16 10:17:38');
INSERT INTO `modules` (`id`, `class`, `flags`, `data`, `created`) VALUES('32', 'InputfieldSubmit', '0', '', '2024-03-16 10:17:38');
INSERT INTO `modules` (`id`, `class`, `flags`, `data`, `created`) VALUES('34', 'InputfieldText', '0', '', '2024-03-16 10:17:38');
INSERT INTO `modules` (`id`, `class`, `flags`, `data`, `created`) VALUES('35', 'InputfieldTextarea', '0', '', '2024-03-16 10:17:38');
INSERT INTO `modules` (`id`, `class`, `flags`, `data`, `created`) VALUES('36', 'InputfieldSelect', '0', '', '2024-03-16 10:17:38');
INSERT INTO `modules` (`id`, `class`, `flags`, `data`, `created`) VALUES('37', 'InputfieldCheckbox', '0', '', '2024-03-16 10:17:38');
INSERT INTO `modules` (`id`, `class`, `flags`, `data`, `created`) VALUES('38', 'InputfieldCheckboxes', '0', '', '2024-03-16 10:17:38');
INSERT INTO `modules` (`id`, `class`, `flags`, `data`, `created`) VALUES('39', 'InputfieldRadios', '0', '', '2024-03-16 10:17:38');
INSERT INTO `modules` (`id`, `class`, `flags`, `data`, `created`) VALUES('40', 'InputfieldHidden', '0', '', '2024-03-16 10:17:38');
INSERT INTO `modules` (`id`, `class`, `flags`, `data`, `created`) VALUES('41', 'InputfieldName', '0', '', '2024-03-16 10:17:38');
INSERT INTO `modules` (`id`, `class`, `flags`, `data`, `created`) VALUES('43', 'InputfieldSelectMultiple', '0', '', '2024-03-16 10:17:38');
INSERT INTO `modules` (`id`, `class`, `flags`, `data`, `created`) VALUES('45', 'JqueryWireTabs', '0', '', '2024-03-16 10:17:38');
INSERT INTO `modules` (`id`, `class`, `flags`, `data`, `created`) VALUES('47', 'ProcessTemplate', '0', '', '2024-03-16 10:17:38');
INSERT INTO `modules` (`id`, `class`, `flags`, `data`, `created`) VALUES('48', 'ProcessField', '32', '', '2024-03-16 10:17:38');
INSERT INTO `modules` (`id`, `class`, `flags`, `data`, `created`) VALUES('50', 'ProcessModule', '0', '', '2024-03-16 10:17:38');
INSERT INTO `modules` (`id`, `class`, `flags`, `data`, `created`) VALUES('55', 'InputfieldFile', '0', '', '2024-03-16 10:17:38');
INSERT INTO `modules` (`id`, `class`, `flags`, `data`, `created`) VALUES('56', 'InputfieldImage', '0', '', '2024-03-16 10:17:38');
INSERT INTO `modules` (`id`, `class`, `flags`, `data`, `created`) VALUES('57', 'FieldtypeImage', '0', '', '2024-03-16 10:17:38');
INSERT INTO `modules` (`id`, `class`, `flags`, `data`, `created`) VALUES('60', 'InputfieldPage', '0', '{\"inputfieldClasses\":[\"InputfieldSelect\",\"InputfieldSelectMultiple\",\"InputfieldCheckboxes\",\"InputfieldRadios\",\"InputfieldAsmSelect\",\"InputfieldPageListSelect\",\"InputfieldPageListSelectMultiple\"]}', '2024-03-16 10:17:38');
INSERT INTO `modules` (`id`, `class`, `flags`, `data`, `created`) VALUES('61', 'TextformatterEntities', '0', '', '2024-03-16 10:17:38');
INSERT INTO `modules` (`id`, `class`, `flags`, `data`, `created`) VALUES('66', 'ProcessUser', '0', '{\"showFields\":[\"name\",\"email\",\"roles\"]}', '2024-03-16 10:17:38');
INSERT INTO `modules` (`id`, `class`, `flags`, `data`, `created`) VALUES('67', 'MarkupAdminDataTable', '0', '', '2024-03-16 10:17:38');
INSERT INTO `modules` (`id`, `class`, `flags`, `data`, `created`) VALUES('68', 'ProcessRole', '0', '{\"showFields\":[\"name\"]}', '2024-03-16 10:17:38');
INSERT INTO `modules` (`id`, `class`, `flags`, `data`, `created`) VALUES('76', 'ProcessList', '0', '', '2024-03-16 10:17:38');
INSERT INTO `modules` (`id`, `class`, `flags`, `data`, `created`) VALUES('78', 'InputfieldFieldset', '0', '', '2024-03-16 10:17:38');
INSERT INTO `modules` (`id`, `class`, `flags`, `data`, `created`) VALUES('79', 'InputfieldMarkup', '0', '', '2024-03-16 10:17:38');
INSERT INTO `modules` (`id`, `class`, `flags`, `data`, `created`) VALUES('80', 'InputfieldEmail', '0', '', '2024-03-16 10:17:38');
INSERT INTO `modules` (`id`, `class`, `flags`, `data`, `created`) VALUES('83', 'ProcessPageView', '0', '', '2024-03-16 10:17:38');
INSERT INTO `modules` (`id`, `class`, `flags`, `data`, `created`) VALUES('84', 'FieldtypeInteger', '0', '', '2024-03-16 10:17:38');
INSERT INTO `modules` (`id`, `class`, `flags`, `data`, `created`) VALUES('85', 'InputfieldInteger', '0', '', '2024-03-16 10:17:38');
INSERT INTO `modules` (`id`, `class`, `flags`, `data`, `created`) VALUES('86', 'InputfieldPageName', '0', '', '2024-03-16 10:17:38');
INSERT INTO `modules` (`id`, `class`, `flags`, `data`, `created`) VALUES('87', 'ProcessHome', '0', '', '2024-03-16 10:17:38');
INSERT INTO `modules` (`id`, `class`, `flags`, `data`, `created`) VALUES('89', 'FieldtypeFloat', '1', '', '2024-03-16 10:17:38');
INSERT INTO `modules` (`id`, `class`, `flags`, `data`, `created`) VALUES('90', 'InputfieldFloat', '0', '', '2024-03-16 10:17:38');
INSERT INTO `modules` (`id`, `class`, `flags`, `data`, `created`) VALUES('94', 'InputfieldDatetime', '0', '', '2024-03-16 10:17:38');
INSERT INTO `modules` (`id`, `class`, `flags`, `data`, `created`) VALUES('97', 'FieldtypeCheckbox', '1', '', '2024-03-16 10:17:38');
INSERT INTO `modules` (`id`, `class`, `flags`, `data`, `created`) VALUES('98', 'MarkupPagerNav', '0', '', '2024-03-16 10:17:38');
INSERT INTO `modules` (`id`, `class`, `flags`, `data`, `created`) VALUES('103', 'JqueryTableSorter', '1', '', '2024-03-16 10:17:38');
INSERT INTO `modules` (`id`, `class`, `flags`, `data`, `created`) VALUES('104', 'ProcessPageSearch', '1', '{\"searchFields\":\"title\",\"displayField\":\"title path\"}', '2024-03-16 10:17:38');
INSERT INTO `modules` (`id`, `class`, `flags`, `data`, `created`) VALUES('105', 'FieldtypeFieldsetOpen', '1', '', '2024-03-16 10:17:38');
INSERT INTO `modules` (`id`, `class`, `flags`, `data`, `created`) VALUES('106', 'FieldtypeFieldsetClose', '1', '', '2024-03-16 10:17:38');
INSERT INTO `modules` (`id`, `class`, `flags`, `data`, `created`) VALUES('107', 'FieldtypeFieldsetTabOpen', '1', '', '2024-03-16 10:17:38');
INSERT INTO `modules` (`id`, `class`, `flags`, `data`, `created`) VALUES('108', 'InputfieldURL', '0', '', '2024-03-16 10:17:38');
INSERT INTO `modules` (`id`, `class`, `flags`, `data`, `created`) VALUES('109', 'ProcessPageTrash', '1', '', '2024-03-16 10:17:38');
INSERT INTO `modules` (`id`, `class`, `flags`, `data`, `created`) VALUES('111', 'FieldtypePageTitle', '1', '', '2024-03-16 10:17:38');
INSERT INTO `modules` (`id`, `class`, `flags`, `data`, `created`) VALUES('112', 'InputfieldPageTitle', '0', '', '2024-03-16 10:17:38');
INSERT INTO `modules` (`id`, `class`, `flags`, `data`, `created`) VALUES('113', 'MarkupPageArray', '3', '', '2024-03-16 10:17:38');
INSERT INTO `modules` (`id`, `class`, `flags`, `data`, `created`) VALUES('114', 'PagePermissions', '3', '', '2024-03-16 10:17:38');
INSERT INTO `modules` (`id`, `class`, `flags`, `data`, `created`) VALUES('115', 'PageRender', '3', '{\"clearCache\":1}', '2024-03-16 10:17:38');
INSERT INTO `modules` (`id`, `class`, `flags`, `data`, `created`) VALUES('116', 'JqueryCore', '1', '', '2024-03-16 10:17:38');
INSERT INTO `modules` (`id`, `class`, `flags`, `data`, `created`) VALUES('117', 'JqueryUI', '1', '', '2024-03-16 10:17:38');
INSERT INTO `modules` (`id`, `class`, `flags`, `data`, `created`) VALUES('121', 'ProcessPageEditLink', '1', '', '2024-03-16 10:17:38');
INSERT INTO `modules` (`id`, `class`, `flags`, `data`, `created`) VALUES('122', 'InputfieldPassword', '0', '', '2024-03-16 10:17:38');
INSERT INTO `modules` (`id`, `class`, `flags`, `data`, `created`) VALUES('125', 'SessionLoginThrottle', '11', '', '2024-03-16 10:17:38');
INSERT INTO `modules` (`id`, `class`, `flags`, `data`, `created`) VALUES('129', 'ProcessPageEditImageSelect', '1', '', '2024-03-16 10:17:38');
INSERT INTO `modules` (`id`, `class`, `flags`, `data`, `created`) VALUES('131', 'InputfieldButton', '0', '', '2024-03-16 10:17:38');
INSERT INTO `modules` (`id`, `class`, `flags`, `data`, `created`) VALUES('133', 'FieldtypePassword', '1', '', '2024-03-16 10:17:38');
INSERT INTO `modules` (`id`, `class`, `flags`, `data`, `created`) VALUES('134', 'ProcessPageType', '33', '{\"showFields\":[]}', '2024-03-16 10:17:38');
INSERT INTO `modules` (`id`, `class`, `flags`, `data`, `created`) VALUES('135', 'FieldtypeURL', '1', '', '2024-03-16 10:17:38');
INSERT INTO `modules` (`id`, `class`, `flags`, `data`, `created`) VALUES('136', 'ProcessPermission', '1', '{\"showFields\":[\"name\",\"title\"]}', '2024-03-16 10:17:38');
INSERT INTO `modules` (`id`, `class`, `flags`, `data`, `created`) VALUES('137', 'InputfieldPageListSelectMultiple', '0', '', '2024-03-16 10:17:38');
INSERT INTO `modules` (`id`, `class`, `flags`, `data`, `created`) VALUES('138', 'ProcessProfile', '1', '{\"profileFields\":[\"pass\",\"email\",\"admin_theme\"]}', '2024-03-16 10:17:38');
INSERT INTO `modules` (`id`, `class`, `flags`, `data`, `created`) VALUES('139', 'SystemUpdater', '1', '{\"systemVersion\":20,\"coreVersion\":\"3.0.240\"}', '2024-03-16 10:17:38');
INSERT INTO `modules` (`id`, `class`, `flags`, `data`, `created`) VALUES('148', 'AdminThemeDefault', '10', '{\"colors\":\"classic\"}', '2024-03-16 10:17:38');
INSERT INTO `modules` (`id`, `class`, `flags`, `data`, `created`) VALUES('149', 'InputfieldSelector', '42', '', '2024-03-16 10:17:38');
INSERT INTO `modules` (`id`, `class`, `flags`, `data`, `created`) VALUES('150', 'ProcessPageLister', '32', '', '2024-03-16 10:17:38');
INSERT INTO `modules` (`id`, `class`, `flags`, `data`, `created`) VALUES('151', 'JqueryMagnific', '1', '', '2024-03-16 10:17:38');
INSERT INTO `modules` (`id`, `class`, `flags`, `data`, `created`) VALUES('155', 'InputfieldTinyMCE', '0', '', '2024-03-16 10:17:38');
INSERT INTO `modules` (`id`, `class`, `flags`, `data`, `created`) VALUES('156', 'MarkupHTMLPurifier', '0', '', '2024-03-16 10:17:38');
INSERT INTO `modules` (`id`, `class`, `flags`, `data`, `created`) VALUES('159', '.Modules.wire/modules/', '8192', 'Process/ProcessPageType/ProcessPageType.module\nProcess/ProcessPageSearch/ProcessPageSearch.module\nProcess/ProcessPageAdd/ProcessPageAdd.module\nProcess/ProcessLogger/ProcessLogger.module\nProcess/ProcessProfile/ProcessProfile.module\nProcess/ProcessTemplate/ProcessTemplate.module\nProcess/ProcessRole/ProcessRole.module\nProcess/ProcessModule/ProcessModule.module\nProcess/ProcessField/ProcessField.module\nProcess/ProcessPermission/ProcessPermission.module\nProcess/ProcessPagesExportImport/ProcessPagesExportImport.module\nProcess/ProcessHome.module\nProcess/ProcessPageList/ProcessPageList.module\nProcess/ProcessForgotPassword/ProcessForgotPassword.module\nProcess/ProcessUser/ProcessUser.module\nProcess/ProcessList.module\nProcess/ProcessPageSort.module\nProcess/ProcessLogin/ProcessLogin.module\nProcess/ProcessPageLister/ProcessPageLister.module\nProcess/ProcessCommentsManager/ProcessCommentsManager.module\nProcess/ProcessPageEditLink/ProcessPageEditLink.module\nProcess/ProcessPageEdit/ProcessPageEdit.module\nProcess/ProcessRecentPages/ProcessRecentPages.module\nProcess/ProcessPageEditImageSelect/ProcessPageEditImageSelect.module\nProcess/ProcessPageView.module\nProcess/ProcessPageClone.module\nProcess/ProcessPageTrash.module\nPagePaths.module\nFieldtype/FieldtypeFieldsetTabOpen.module\nFieldtype/FieldtypeSelector.module\nFieldtype/FieldtypeFieldsetClose.module\nFieldtype/FieldtypeFloat.module\nFieldtype/FieldtypePage.module\nFieldtype/FieldtypePassword.module\nFieldtype/FieldtypeDecimal.module\nFieldtype/FieldtypeModule.module\nFieldtype/FieldtypeCheckbox.module\nFieldtype/FieldtypeImage/FieldtypeImage.module\nFieldtype/FieldtypeTextarea.module\nFieldtype/FieldtypeDatetime.module\nFieldtype/FieldtypeEmail.module\nFieldtype/FieldtypeRepeater/FieldtypeFieldsetPage.module\nFieldtype/FieldtypeRepeater/FieldtypeRepeater.module\nFieldtype/FieldtypeRepeater/InputfieldRepeater.module\nFieldtype/FieldtypePageTitle.module\nFieldtype/FieldtypeFieldsetOpen.module\nFieldtype/FieldtypeComments/FieldtypeComments.module\nFieldtype/FieldtypeComments/InputfieldCommentsAdmin.module\nFieldtype/FieldtypeComments/CommentFilterAkismet.module\nFieldtype/FieldtypeURL.module\nFieldtype/FieldtypeFile/FieldtypeFile.module\nFieldtype/FieldtypeCache.module\nFieldtype/FieldtypeToggle.module\nFieldtype/FieldtypeText.module\nFieldtype/FieldtypeOptions/FieldtypeOptions.module\nFieldtype/FieldtypeInteger.module\nFieldtype/FieldtypePageTable.module\nSystem/SystemUpdater/SystemUpdater.module\nSystem/SystemNotifications/SystemNotifications.module\nSystem/SystemNotifications/FieldtypeNotifications.module\nPagePathHistory.module\nInputfield/InputfieldDatetime/InputfieldDatetime.module\nInputfield/InputfieldSubmit/InputfieldSubmit.module\nInputfield/InputfieldPageName/InputfieldPageName.module\nInputfield/InputfieldPassword/InputfieldPassword.module\nInputfield/InputfieldToggle/InputfieldToggle.module\nInputfield/InputfieldTextTags/InputfieldTextTags.module\nInputfield/InputfieldCheckboxes/InputfieldCheckboxes.module\nInputfield/InputfieldEmail.module\nInputfield/InputfieldPage/InputfieldPage.module\nInputfield/InputfieldInteger.module\nInputfield/InputfieldHidden.module\nInputfield/InputfieldCKEditor/InputfieldCKEditor.module\nInputfield/InputfieldCheckbox/InputfieldCheckbox.module\nInputfield/InputfieldImage/InputfieldImage.module\nInputfield/InputfieldFloat.module\nInputfield/InputfieldAsmSelect/InputfieldAsmSelect.module\nInputfield/InputfieldURL.module\nInputfield/InputfieldText/InputfieldText.module\nInputfield/InputfieldTinyMCE/InputfieldTinyMCE.module.php\nInputfield/InputfieldIcon/InputfieldIcon.module\nInputfield/InputfieldFile/InputfieldFile.module\nInputfield/InputfieldPageListSelect/InputfieldPageListSelect.module\nInputfield/InputfieldPageListSelect/InputfieldPageListSelectMultiple.module\nInputfield/InputfieldPageAutocomplete/InputfieldPageAutocomplete.module\nInputfield/InputfieldMarkup.module\nInputfield/InputfieldSelector/InputfieldSelector.module\nInputfield/InputfieldPageTitle/InputfieldPageTitle.module\nInputfield/InputfieldRadios/InputfieldRadios.module\nInputfield/InputfieldName.module\nInputfield/InputfieldButton.module\nInputfield/InputfieldPageTable/InputfieldPageTable.module\nInputfield/InputfieldSelectMultiple.module\nInputfield/InputfieldSelect.module\nInputfield/InputfieldTextarea.module\nInputfield/InputfieldForm.module\nInputfield/InputfieldFieldset.module\nLazyCron.module\nMarkup/MarkupRSS.module\nMarkup/MarkupHTMLPurifier/MarkupHTMLPurifier.module\nMarkup/MarkupPageArray.module\nMarkup/MarkupCache.module\nMarkup/MarkupAdminDataTable/MarkupAdminDataTable.module\nMarkup/MarkupPagerNav/MarkupPagerNav.module\nMarkup/MarkupPageFields.module\nTextformatter/TextformatterNewlineBR.module\nTextformatter/TextformatterSmartypants/TextformatterSmartypants.module\nTextformatter/TextformatterPstripper.module\nTextformatter/TextformatterNewlineUL.module\nTextformatter/TextformatterMarkdownExtra/TextformatterMarkdownExtra.module\nTextformatter/TextformatterEntities.module\nTextformatter/TextformatterStripTags.module\nPageRender.module\nPage/PageFrontEdit/PageFrontEdit.module\nAdminTheme/AdminThemeDefault/AdminThemeDefault.module\nAdminTheme/AdminThemeUikit/AdminThemeUikit.module\nAdminTheme/AdminThemeReno/AdminThemeReno.module\nLanguageSupport/LanguageSupportPageNames.module\nLanguageSupport/ProcessLanguageTranslator.module\nLanguageSupport/LanguageSupport.module\nLanguageSupport/FieldtypeTextLanguage.module\nLanguageSupport/FieldtypeTextareaLanguage.module\nLanguageSupport/FieldtypePageTitleLanguage.module\nLanguageSupport/LanguageSupportFields.module\nLanguageSupport/LanguageTabs.module\nLanguageSupport/ProcessLanguage.module\nPages/PagesVersions/PagesVersions.module.php\nFileCompilerTags.module\nPagePermissions.module\nSession/SessionLoginThrottle/SessionLoginThrottle.module\nSession/SessionHandlerDB/SessionHandlerDB.module\nSession/SessionHandlerDB/ProcessSessionDB.module\nJquery/JqueryUI/JqueryUI.module\nJquery/JqueryMagnific/JqueryMagnific.module\nJquery/JqueryWireTabs/JqueryWireTabs.module\nJquery/JqueryTableSorter/JqueryTableSorter.module\nJquery/JqueryCore/JqueryCore.module\nImage/ImageSizerEngineIMagick/ImageSizerEngineIMagick.module\nImage/ImageSizerEngineAnimatedGif/ImageSizerEngineAnimatedGif.module', '2024-03-16 10:17:50');
INSERT INTO `modules` (`id`, `class`, `flags`, `data`, `created`) VALUES('160', '.Modules.site/modules/', '8192', 'TracyDebugger/TracyDebugger.module.php\nLess/Less.module.php\nAdminStyleRock/AdminStyleRock.module.php\nProcessWireUpgrade/ProcessWireUpgrade.module\nProcessWireUpgrade/ProcessWireUpgradeCheck.module\nRockFrontend/RockFrontend.module.php\nRockFrontend/TextformatterRockFrontend.module.php\nTracyDebugger/ProcessTracyAdminer.module.php\nTracyDebugger/ProcessTracyAdminerRenderer.module.php\nProcessExportProfile/ProcessExportProfile.module\nSite/Site.module.php\nRockAdminTweaks/RockAdminTweaks.module.php', '2024-03-16 10:17:51');
INSERT INTO `modules` (`id`, `class`, `flags`, `data`, `created`) VALUES('161', '.Modules.info', '8192', '{\"459\":{\"name\":\"TracyDebugger\",\"title\":\"Tracy Debugger\",\"version\":\"4.26.36\",\"icon\":\"bug\",\"requiresVersions\":{\"ProcessWire\":[\">=\",\"2.7.2\"],\"PHP\":[\">=\",\"5.4.4\"]},\"installs\":[\"ProcessTracyAdminer\"],\"autoload\":100000,\"singular\":true,\"created\":1711293308,\"configurable\":3,\"namespace\":\"\\\\\"},\"134\":{\"name\":\"ProcessPageType\",\"title\":\"Page Type\",\"version\":101,\"singular\":1,\"created\":1710580658,\"configurable\":3,\"permanent\":true,\"useNavJSON\":true,\"addFlag\":32},\"104\":{\"name\":\"ProcessPageSearch\",\"title\":\"Page Search\",\"version\":108,\"permission\":\"page-edit\",\"singular\":1,\"created\":1710580658,\"configurable\":3,\"permanent\":true},\"17\":{\"name\":\"ProcessPageAdd\",\"title\":\"Page Add\",\"version\":109,\"icon\":\"plus-circle\",\"permission\":\"page-edit\",\"created\":1710580658,\"configurable\":3,\"permanent\":true,\"useNavJSON\":true},\"200\":{\"name\":\"ProcessLogger\",\"title\":\"Logs\",\"version\":2,\"icon\":\"tree\",\"permission\":\"logs-view\",\"singular\":1,\"created\":1710580672,\"useNavJSON\":true},\"138\":{\"name\":\"ProcessProfile\",\"title\":\"User Profile\",\"version\":105,\"permission\":\"profile-edit\",\"singular\":1,\"created\":1710580658,\"configurable\":3,\"permanent\":true},\"47\":{\"name\":\"ProcessTemplate\",\"title\":\"Templates\",\"version\":114,\"icon\":\"cubes\",\"permission\":\"template-admin\",\"created\":1710580658,\"configurable\":4,\"permanent\":true,\"useNavJSON\":true},\"68\":{\"name\":\"ProcessRole\",\"title\":\"Roles\",\"version\":104,\"icon\":\"gears\",\"permission\":\"role-admin\",\"created\":1710580658,\"configurable\":3,\"permanent\":true,\"useNavJSON\":true},\"50\":{\"name\":\"ProcessModule\",\"title\":\"Modules\",\"version\":121,\"permission\":\"module-admin\",\"created\":1710580658,\"permanent\":true,\"useNavJSON\":true,\"nav\":[{\"url\":\"?site#tab_site_modules\",\"label\":\"Site\",\"icon\":\"plug\",\"navJSON\":\"navJSON\\/?site=1\"},{\"url\":\"?core#tab_core_modules\",\"label\":\"Core\",\"icon\":\"plug\",\"navJSON\":\"navJSON\\/?core=1\"},{\"url\":\"?configurable#tab_configurable_modules\",\"label\":\"Configure\",\"icon\":\"gear\",\"navJSON\":\"navJSON\\/?configurable=1\"},{\"url\":\"?install#tab_install_modules\",\"label\":\"Install\",\"icon\":\"sign-in\",\"navJSON\":\"navJSON\\/?install=1\"},{\"url\":\"?new#tab_new_modules\",\"label\":\"New\",\"icon\":\"plus\"},{\"url\":\"?reset=1\",\"label\":\"Refresh\",\"icon\":\"refresh\"}]},\"48\":{\"name\":\"ProcessField\",\"title\":\"Fields\",\"version\":114,\"icon\":\"cube\",\"permission\":\"field-admin\",\"created\":1710580658,\"configurable\":3,\"permanent\":true,\"useNavJSON\":true,\"addFlag\":32},\"136\":{\"name\":\"ProcessPermission\",\"title\":\"Permissions\",\"version\":101,\"icon\":\"gear\",\"permission\":\"permission-admin\",\"singular\":1,\"created\":1710580658,\"configurable\":3,\"permanent\":true,\"useNavJSON\":true},\"87\":{\"name\":\"ProcessHome\",\"title\":\"Admin Home\",\"version\":101,\"permission\":\"page-view\",\"created\":1710580658,\"permanent\":true},\"12\":{\"name\":\"ProcessPageList\",\"title\":\"Page List\",\"version\":124,\"icon\":\"sitemap\",\"permission\":\"page-edit\",\"created\":1710580658,\"configurable\":3,\"permanent\":true,\"useNavJSON\":true},\"66\":{\"name\":\"ProcessUser\",\"title\":\"Users\",\"version\":107,\"icon\":\"group\",\"permission\":\"user-admin\",\"created\":1710580658,\"configurable\":\"ProcessUserConfig.php\",\"permanent\":true,\"useNavJSON\":true},\"76\":{\"name\":\"ProcessList\",\"title\":\"List\",\"version\":101,\"permission\":\"page-view\",\"created\":1710580658,\"permanent\":true},\"14\":{\"name\":\"ProcessPageSort\",\"title\":\"Page Sort and Move\",\"version\":101,\"permission\":\"page-edit\",\"created\":1710580658,\"permanent\":true},\"10\":{\"name\":\"ProcessLogin\",\"title\":\"Login\",\"version\":109,\"permission\":\"page-view\",\"created\":1710580658,\"configurable\":4,\"permanent\":true},\"150\":{\"name\":\"ProcessPageLister\",\"title\":\"Lister\",\"version\":26,\"icon\":\"search\",\"permission\":\"page-lister\",\"created\":1710580658,\"configurable\":true,\"permanent\":true,\"useNavJSON\":true,\"addFlag\":32},\"121\":{\"name\":\"ProcessPageEditLink\",\"title\":\"Page Edit Link\",\"version\":112,\"icon\":\"link\",\"permission\":\"page-edit\",\"singular\":1,\"created\":1710580658,\"configurable\":4,\"permanent\":true},\"7\":{\"name\":\"ProcessPageEdit\",\"title\":\"Page Edit\",\"version\":112,\"icon\":\"edit\",\"permission\":\"page-edit\",\"singular\":1,\"created\":1710580658,\"configurable\":3,\"permanent\":true,\"useNavJSON\":true},\"175\":{\"name\":\"ProcessRecentPages\",\"title\":\"Recent Pages\",\"version\":2,\"icon\":\"clock-o\",\"permission\":\"page-edit-recent\",\"singular\":1,\"created\":1710580671,\"useNavJSON\":true,\"nav\":[{\"url\":\"?edited=1\",\"label\":\"Edited\",\"icon\":\"users\",\"navJSON\":\"navJSON\\/?edited=1\"},{\"url\":\"?added=1\",\"label\":\"Created\",\"icon\":\"users\",\"navJSON\":\"navJSON\\/?added=1\"},{\"url\":\"?edited=1&me=1\",\"label\":\"Edited by me\",\"icon\":\"user\",\"navJSON\":\"navJSON\\/?edited=1&me=1\"},{\"url\":\"?added=1&me=1\",\"label\":\"Created by me\",\"icon\":\"user\",\"navJSON\":\"navJSON\\/?added=1&me=1\"},{\"url\":\"another\\/\",\"label\":\"Add another\",\"icon\":\"plus-circle\",\"navJSON\":\"anotherNavJSON\\/\"}]},\"129\":{\"name\":\"ProcessPageEditImageSelect\",\"title\":\"Page Edit Image\",\"version\":121,\"permission\":\"page-edit\",\"singular\":1,\"created\":1710580658,\"configurable\":3,\"permanent\":true},\"83\":{\"name\":\"ProcessPageView\",\"title\":\"Page View\",\"version\":106,\"permission\":\"page-view\",\"created\":1710580658,\"permanent\":true},\"109\":{\"name\":\"ProcessPageTrash\",\"title\":\"Page Trash\",\"version\":103,\"singular\":1,\"created\":1710580658,\"permanent\":true},\"107\":{\"name\":\"FieldtypeFieldsetTabOpen\",\"title\":\"Fieldset in Tab (Open)\",\"version\":100,\"singular\":1,\"created\":1710580658,\"permanent\":true},\"106\":{\"name\":\"FieldtypeFieldsetClose\",\"title\":\"Fieldset (Close)\",\"version\":100,\"singular\":1,\"created\":1710580658,\"permanent\":true},\"89\":{\"name\":\"FieldtypeFloat\",\"title\":\"Float\",\"version\":107,\"singular\":1,\"created\":1710580658,\"permanent\":true},\"4\":{\"name\":\"FieldtypePage\",\"title\":\"Page Reference\",\"version\":107,\"created\":1710580658,\"configurable\":3,\"permanent\":true},\"133\":{\"name\":\"FieldtypePassword\",\"title\":\"Password\",\"version\":101,\"singular\":true,\"created\":1710580658,\"permanent\":true},\"27\":{\"name\":\"FieldtypeModule\",\"title\":\"Module Reference\",\"version\":102,\"created\":1710580658,\"permanent\":true},\"97\":{\"name\":\"FieldtypeCheckbox\",\"title\":\"Checkbox\",\"version\":101,\"singular\":1,\"created\":1710580658,\"permanent\":true},\"57\":{\"name\":\"FieldtypeImage\",\"title\":\"Images\",\"version\":102,\"created\":1710580658,\"configurable\":4,\"permanent\":true},\"1\":{\"name\":\"FieldtypeTextarea\",\"title\":\"Textarea\",\"version\":107,\"created\":1710580658,\"permanent\":true},\"28\":{\"name\":\"FieldtypeDatetime\",\"title\":\"Datetime\",\"version\":105,\"created\":1710580658},\"29\":{\"name\":\"FieldtypeEmail\",\"title\":\"E-Mail\",\"version\":101,\"created\":1710580658},\"111\":{\"name\":\"FieldtypePageTitle\",\"title\":\"Page Title\",\"version\":100,\"singular\":true,\"created\":1710580658,\"permanent\":true},\"105\":{\"name\":\"FieldtypeFieldsetOpen\",\"title\":\"Fieldset (Open)\",\"version\":101,\"singular\":1,\"created\":1710580658,\"permanent\":true},\"135\":{\"name\":\"FieldtypeURL\",\"title\":\"URL\",\"version\":101,\"singular\":1,\"created\":1710580658,\"permanent\":true},\"6\":{\"name\":\"FieldtypeFile\",\"title\":\"Files\",\"version\":107,\"created\":1710580658,\"configurable\":4,\"permanent\":true},\"3\":{\"name\":\"FieldtypeText\",\"title\":\"Text\",\"version\":102,\"created\":1710580658,\"permanent\":true},\"84\":{\"name\":\"FieldtypeInteger\",\"title\":\"Integer\",\"version\":102,\"created\":1710580658,\"permanent\":true},\"139\":{\"name\":\"SystemUpdater\",\"title\":\"System Updater\",\"version\":20,\"singular\":true,\"created\":1710580658,\"configurable\":3,\"permanent\":true},\"94\":{\"name\":\"InputfieldDatetime\",\"title\":\"Datetime\",\"version\":108,\"created\":1710580658,\"permanent\":true},\"32\":{\"name\":\"InputfieldSubmit\",\"title\":\"Submit\",\"version\":103,\"created\":1710580658,\"permanent\":true},\"86\":{\"name\":\"InputfieldPageName\",\"title\":\"Page Name\",\"version\":106,\"created\":1710580658,\"configurable\":3,\"permanent\":true},\"122\":{\"name\":\"InputfieldPassword\",\"title\":\"Password\",\"version\":102,\"created\":1710580658,\"permanent\":true},\"527\":{\"name\":\"InputfieldTextTags\",\"title\":\"Text Tags\",\"version\":7,\"icon\":\"tags\",\"created\":1716138223},\"38\":{\"name\":\"InputfieldCheckboxes\",\"title\":\"Checkboxes\",\"version\":108,\"created\":1710580658,\"permanent\":true},\"80\":{\"name\":\"InputfieldEmail\",\"title\":\"Email\",\"version\":102,\"created\":1710580658},\"60\":{\"name\":\"InputfieldPage\",\"title\":\"Page\",\"version\":109,\"created\":1710580658,\"configurable\":3,\"permanent\":true},\"85\":{\"name\":\"InputfieldInteger\",\"title\":\"Integer\",\"version\":105,\"created\":1710580658,\"permanent\":true},\"40\":{\"name\":\"InputfieldHidden\",\"title\":\"Hidden\",\"version\":101,\"created\":1710580658,\"permanent\":true},\"37\":{\"name\":\"InputfieldCheckbox\",\"title\":\"Checkbox\",\"version\":106,\"created\":1710580658,\"permanent\":true},\"56\":{\"name\":\"InputfieldImage\",\"title\":\"Images\",\"version\":129,\"created\":1710580658,\"permanent\":true},\"90\":{\"name\":\"InputfieldFloat\",\"title\":\"Float\",\"version\":105,\"created\":1710580658,\"permanent\":true},\"25\":{\"name\":\"InputfieldAsmSelect\",\"title\":\"asmSelect\",\"version\":203,\"created\":1710580658,\"permanent\":true},\"108\":{\"name\":\"InputfieldURL\",\"title\":\"URL\",\"version\":103,\"created\":1710580658},\"34\":{\"name\":\"InputfieldText\",\"title\":\"Text\",\"version\":106,\"created\":1710580658,\"permanent\":true},\"155\":{\"name\":\"InputfieldTinyMCE\",\"title\":\"TinyMCE\",\"version\":618,\"icon\":\"keyboard-o\",\"requiresVersions\":{\"ProcessWire\":[\">=\",\"3.0.200\"],\"MarkupHTMLPurifier\":[\">=\",0]},\"created\":1710580658,\"configurable\":4},\"205\":{\"name\":\"InputfieldIcon\",\"title\":\"Icon\",\"version\":3,\"created\":1710580672},\"55\":{\"name\":\"InputfieldFile\",\"title\":\"Files\",\"version\":129,\"created\":1710580658,\"permanent\":true},\"15\":{\"name\":\"InputfieldPageListSelect\",\"title\":\"Page List Select\",\"version\":101,\"created\":1710580658,\"permanent\":true},\"137\":{\"name\":\"InputfieldPageListSelectMultiple\",\"title\":\"Page List Select Multiple\",\"version\":103,\"created\":1710580658,\"permanent\":true},\"79\":{\"name\":\"InputfieldMarkup\",\"title\":\"Markup\",\"version\":102,\"created\":1710580658,\"permanent\":true},\"149\":{\"name\":\"InputfieldSelector\",\"title\":\"Selector\",\"version\":28,\"autoload\":\"template=admin\",\"created\":1710580658,\"configurable\":3,\"addFlag\":32},\"112\":{\"name\":\"InputfieldPageTitle\",\"title\":\"Page Title\",\"version\":102,\"created\":1710580658,\"permanent\":true},\"39\":{\"name\":\"InputfieldRadios\",\"title\":\"Radio Buttons\",\"version\":106,\"created\":1710580658,\"permanent\":true},\"41\":{\"name\":\"InputfieldName\",\"title\":\"Name\",\"version\":100,\"created\":1710580658,\"permanent\":true},\"131\":{\"name\":\"InputfieldButton\",\"title\":\"Button\",\"version\":100,\"created\":1710580658,\"permanent\":true},\"43\":{\"name\":\"InputfieldSelectMultiple\",\"title\":\"Select Multiple\",\"version\":101,\"created\":1710580658,\"permanent\":true},\"36\":{\"name\":\"InputfieldSelect\",\"title\":\"Select\",\"version\":103,\"created\":1710580658,\"permanent\":true},\"35\":{\"name\":\"InputfieldTextarea\",\"title\":\"Textarea\",\"version\":103,\"created\":1710580658,\"permanent\":true},\"30\":{\"name\":\"InputfieldForm\",\"title\":\"Form\",\"version\":107,\"created\":1710580658,\"permanent\":true},\"78\":{\"name\":\"InputfieldFieldset\",\"title\":\"Fieldset\",\"version\":101,\"created\":1710580658,\"permanent\":true},\"156\":{\"name\":\"MarkupHTMLPurifier\",\"title\":\"HTML Purifier\",\"version\":497,\"created\":1710580658},\"113\":{\"name\":\"MarkupPageArray\",\"title\":\"PageArray Markup\",\"version\":100,\"autoload\":true,\"singular\":true,\"created\":1710580658},\"67\":{\"name\":\"MarkupAdminDataTable\",\"title\":\"Admin Data Table\",\"version\":107,\"created\":1710580658,\"permanent\":true},\"98\":{\"name\":\"MarkupPagerNav\",\"title\":\"Pager (Pagination) Navigation\",\"version\":105,\"created\":1710580658},\"280\":{\"name\":\"TextformatterMarkdownExtra\",\"title\":\"Markdown\\/Parsedown Extra\",\"version\":180,\"singular\":1,\"created\":1710588067,\"configurable\":4},\"61\":{\"name\":\"TextformatterEntities\",\"title\":\"HTML Entity Encoder (htmlspecialchars)\",\"version\":100,\"created\":1710580658},\"115\":{\"name\":\"PageRender\",\"title\":\"Page Render\",\"version\":105,\"autoload\":true,\"singular\":true,\"created\":1710580658,\"configurable\":3,\"permanent\":true},\"148\":{\"name\":\"AdminThemeDefault\",\"title\":\"Default\",\"version\":14,\"autoload\":\"template=admin\",\"created\":1710580658,\"configurable\":19},\"187\":{\"name\":\"AdminThemeUikit\",\"title\":\"Uikit\",\"version\":34,\"autoload\":\"template=admin\",\"created\":1710580671,\"configurable\":4},\"114\":{\"name\":\"PagePermissions\",\"title\":\"Page Permissions\",\"version\":105,\"autoload\":true,\"singular\":true,\"created\":1710580658,\"permanent\":true},\"125\":{\"name\":\"SessionLoginThrottle\",\"title\":\"Session Login Throttle\",\"version\":103,\"autoload\":\"function\",\"singular\":true,\"created\":1710580658,\"configurable\":3},\"117\":{\"name\":\"JqueryUI\",\"title\":\"jQuery UI\",\"version\":\"1.10.4\",\"singular\":1,\"created\":1710580658,\"permanent\":true},\"151\":{\"name\":\"JqueryMagnific\",\"title\":\"jQuery Magnific Popup\",\"version\":\"1.1.0\",\"singular\":1,\"created\":1710580658},\"45\":{\"name\":\"JqueryWireTabs\",\"title\":\"jQuery Wire Tabs Plugin\",\"version\":110,\"created\":1710580658,\"configurable\":3,\"permanent\":true},\"103\":{\"name\":\"JqueryTableSorter\",\"title\":\"jQuery Table Sorter Plugin\",\"version\":\"2.31.3\",\"singular\":1,\"created\":1710580658},\"116\":{\"name\":\"JqueryCore\",\"title\":\"jQuery Core\",\"version\":\"1.12.4\",\"singular\":true,\"created\":1710580658,\"permanent\":true},\"315\":{\"name\":\"Less\",\"title\":\"Less\",\"version\":5,\"icon\":\"css3\",\"requiresVersions\":{\"ProcessWire\":[\">=\",\"3.0.179\"],\"PHP\":[\">=\",\"7.4.0\"]},\"created\":1710598207,\"configurable\":4},\"386\":{\"name\":\"AdminStyleRock\",\"title\":\"AdminStyleRock\",\"version\":\"1.5.0\",\"icon\":\"css3\",\"requiresVersions\":{\"ProcessWire\":[\">=\",\"3.0.178\"],\"Less\":[\">=\",0]},\"autoload\":true,\"singular\":true,\"created\":1710600920,\"configurable\":4},\"403\":{\"name\":\"ProcessWireUpgrade\",\"title\":\"Upgrades\",\"version\":11,\"icon\":\"coffee\",\"requiresVersions\":{\"ProcessWire\":[\">=\",\"3.0.0\"]},\"installs\":[\"ProcessWireUpgradeCheck\"],\"singular\":1,\"created\":1711289163},\"404\":{\"name\":\"ProcessWireUpgradeCheck\",\"title\":\"Upgrades Checker\",\"version\":9,\"icon\":\"coffee\",\"requiresVersions\":{\"ProcessWireUpgrade\":[\">=\",0]},\"autoload\":\"template=admin\",\"singular\":true,\"created\":1711289163,\"configurable\":\"ProcessWireUpgradeCheck.config.php\"},\"275\":{\"name\":\"RockFrontend\",\"title\":\"RockFrontend\",\"version\":\"3.20.0\",\"icon\":\"paint-brush\",\"requiresVersions\":{\"PHP\":[\">=\",\"8.1\"]},\"autoload\":true,\"singular\":true,\"created\":1710588066,\"configurable\":4},\"460\":{\"name\":\"ProcessTracyAdminer\",\"title\":\"Process Tracy Adminer\",\"version\":\"2.0.1\",\"icon\":\"database\",\"requiresVersions\":{\"ProcessWire\":[\">=\",\"2.7.2\"],\"PHP\":[\">=\",\"5.4.4\"],\"TracyDebugger\":[\">=\",0],\"ProcessTracyAdminerRenderer\":[\">=\",0]},\"installs\":[\"ProcessTracyAdminerRenderer\"],\"singular\":true,\"created\":1711293308,\"namespace\":\"\\\\\"},\"583\":{\"name\":\"ProcessExportProfile\",\"title\":\"Export Site Profile\",\"version\":501,\"icon\":\"truck\",\"requiresVersions\":{\"ProcessWire\":[\">=\",\"3.0.200\"]},\"singular\":1,\"created\":1719921846},\"364\":{\"name\":\"Site\",\"title\":\"Site\",\"version\":\"1.0.0\",\"icon\":\"bolt\",\"autoload\":true,\"singular\":true,\"created\":1710599202},\"522\":{\"name\":\"RockAdminTweaks\",\"title\":\"RockAdminTweaks\",\"version\":\"1.9.3\",\"icon\":\"magic\",\"requiresVersions\":{\"PHP\":[\">=\",\"8.1\"]},\"autoload\":\"template=admin\",\"singular\":true,\"created\":1716138047,\"configurable\":4},\"657\":{\"name\":\"ProcessTracyAdminerRenderer\",\"title\":\"Process Tracy Adminer Renderer\",\"version\":\"2.0.2\",\"icon\":\"database\",\"requiresVersions\":{\"ProcessWire\":[\">=\",\"2.7.2\"],\"PHP\":[\">=\",\"5.4.4\"],\"TracyDebugger\":[\">=\",0]},\"singular\":true,\"namespace\":\"\\\\\"}}', '2024-03-16 10:17:51');
INSERT INTO `modules` (`id`, `class`, `flags`, `data`, `created`) VALUES('162', '.ModulesVerbose.info', '8192', '{\"459\":{\"summary\":\"Tracy debugger from Nette with many PW specific custom tools.\",\"author\":\"Adrian Jones\",\"href\":\"https:\\/\\/processwire.com\\/talk\\/forum\\/58-tracy-debugger\\/\",\"versionStr\":\"4.26.36\"},\"134\":{\"summary\":\"List, Edit and Add pages of a specific type\",\"core\":true,\"versionStr\":\"1.0.1\"},\"104\":{\"summary\":\"Provides a page search engine for admin use.\",\"core\":true,\"versionStr\":\"1.0.8\"},\"17\":{\"summary\":\"Add a new page\",\"core\":true,\"versionStr\":\"1.0.9\"},\"200\":{\"summary\":\"View and manage system logs.\",\"author\":\"Ryan Cramer\",\"core\":true,\"versionStr\":\"0.0.2\",\"permissions\":{\"logs-view\":\"Can view system logs\",\"logs-edit\":\"Can manage system logs\"},\"page\":{\"name\":\"logs\",\"parent\":\"setup\",\"title\":\"Logs\"}},\"138\":{\"summary\":\"Enables user to change their password, email address and other settings that you define.\",\"core\":true,\"versionStr\":\"1.0.5\"},\"47\":{\"summary\":\"List and edit the templates that control page output\",\"core\":true,\"versionStr\":\"1.1.4\",\"searchable\":\"templates\"},\"68\":{\"summary\":\"Manage user roles and what permissions are attached\",\"core\":true,\"versionStr\":\"1.0.4\"},\"50\":{\"summary\":\"List, edit or install\\/uninstall modules\",\"core\":true,\"versionStr\":\"1.2.1\"},\"48\":{\"summary\":\"Edit individual fields that hold page data\",\"core\":true,\"versionStr\":\"1.1.4\",\"searchable\":\"fields\"},\"136\":{\"summary\":\"Manage system permissions\",\"core\":true,\"versionStr\":\"1.0.1\"},\"87\":{\"summary\":\"Acts as a placeholder Process for the admin root. Ensures proper flow control after login.\",\"core\":true,\"versionStr\":\"1.0.1\"},\"12\":{\"summary\":\"List pages in a hierarchical tree structure\",\"core\":true,\"versionStr\":\"1.2.4\"},\"66\":{\"summary\":\"Manage system users\",\"core\":true,\"versionStr\":\"1.0.7\",\"searchable\":\"users\"},\"76\":{\"summary\":\"Lists the Process assigned to each child page of the current\",\"core\":true,\"versionStr\":\"1.0.1\"},\"14\":{\"summary\":\"Handles page sorting and moving for PageList\",\"core\":true,\"versionStr\":\"1.0.1\"},\"10\":{\"summary\":\"Login to ProcessWire\",\"core\":true,\"versionStr\":\"1.0.9\"},\"150\":{\"summary\":\"Admin tool for finding and listing pages by any property.\",\"author\":\"Ryan Cramer\",\"core\":true,\"versionStr\":\"0.2.6\",\"permissions\":{\"page-lister\":\"Use Page Lister\"}},\"121\":{\"summary\":\"Provides a link capability as used by some Fieldtype modules (like rich text editors).\",\"core\":true,\"versionStr\":\"1.1.2\"},\"7\":{\"summary\":\"Edit a Page\",\"core\":true,\"versionStr\":\"1.1.2\"},\"175\":{\"summary\":\"Shows a list of recently edited pages in your admin.\",\"author\":\"Ryan Cramer\",\"href\":\"http:\\/\\/modules.processwire.com\\/\",\"core\":true,\"versionStr\":\"0.0.2\",\"permissions\":{\"page-edit-recent\":\"Can see recently edited pages\"},\"page\":{\"name\":\"recent-pages\",\"parent\":\"page\",\"title\":\"Recent\"}},\"129\":{\"summary\":\"Provides image manipulation functions for image fields and rich text editors.\",\"core\":true,\"versionStr\":\"1.2.1\"},\"83\":{\"summary\":\"All page views are routed through this Process\",\"core\":true,\"versionStr\":\"1.0.6\"},\"109\":{\"summary\":\"Handles emptying of Page trash\",\"core\":true,\"versionStr\":\"1.0.3\"},\"107\":{\"summary\":\"Open a fieldset to group fields. Same as Fieldset (Open) except that it displays in a tab instead.\",\"core\":true,\"versionStr\":\"1.0.0\"},\"106\":{\"summary\":\"Close a fieldset opened by FieldsetOpen. \",\"core\":true,\"versionStr\":\"1.0.0\"},\"89\":{\"summary\":\"Field that stores a floating point number\",\"core\":true,\"versionStr\":\"1.0.7\"},\"4\":{\"summary\":\"Field that stores one or more references to ProcessWire pages\",\"core\":true,\"versionStr\":\"1.0.7\"},\"133\":{\"summary\":\"Field that stores a hashed and salted password\",\"core\":true,\"versionStr\":\"1.0.1\"},\"27\":{\"summary\":\"Field that stores a reference to another module\",\"core\":true,\"versionStr\":\"1.0.2\"},\"97\":{\"summary\":\"This Fieldtype stores an ON\\/OFF toggle via a single checkbox. The ON value is 1 and OFF value is 0.\",\"core\":true,\"versionStr\":\"1.0.1\"},\"57\":{\"summary\":\"Field that stores one or more GIF, JPG, or PNG images\",\"core\":true,\"versionStr\":\"1.0.2\"},\"1\":{\"summary\":\"Field that stores multiple lines of text\",\"core\":true,\"versionStr\":\"1.0.7\"},\"28\":{\"summary\":\"Field that stores a date and optionally time\",\"core\":true,\"versionStr\":\"1.0.5\"},\"29\":{\"summary\":\"Field that stores an e-mail address\",\"core\":true,\"versionStr\":\"1.0.1\"},\"111\":{\"summary\":\"Field that stores a page title\",\"core\":true,\"versionStr\":\"1.0.0\"},\"105\":{\"summary\":\"Open a fieldset to group fields. Should be followed by a Fieldset (Close) after one or more fields.\",\"core\":true,\"versionStr\":\"1.0.1\"},\"135\":{\"summary\":\"Field that stores a URL\",\"core\":true,\"versionStr\":\"1.0.1\"},\"6\":{\"summary\":\"Field that stores one or more files\",\"core\":true,\"versionStr\":\"1.0.7\"},\"3\":{\"summary\":\"Field that stores a single line of text\",\"core\":true,\"versionStr\":\"1.0.2\"},\"84\":{\"summary\":\"Field that stores an integer\",\"core\":true,\"versionStr\":\"1.0.2\"},\"139\":{\"summary\":\"Manages system versions and upgrades.\",\"core\":true,\"versionStr\":\"0.2.0\"},\"94\":{\"summary\":\"Inputfield that accepts date and optionally time\",\"core\":true,\"versionStr\":\"1.0.8\"},\"32\":{\"summary\":\"Form submit button\",\"core\":true,\"versionStr\":\"1.0.3\"},\"86\":{\"summary\":\"Text input validated as a ProcessWire Page name field\",\"core\":true,\"versionStr\":\"1.0.6\"},\"122\":{\"summary\":\"Password input with confirmation field that doesn&#039;t ever echo the input back.\",\"core\":true,\"versionStr\":\"1.0.2\"},\"527\":{\"summary\":\"Enables input of user entered tags or selection of predefined tags.\",\"core\":true,\"versionStr\":\"0.0.7\"},\"38\":{\"summary\":\"Multiple checkbox toggles\",\"core\":true,\"versionStr\":\"1.0.8\"},\"80\":{\"summary\":\"E-Mail address in valid format\",\"core\":true,\"versionStr\":\"1.0.2\"},\"60\":{\"summary\":\"Select one or more pages\",\"core\":true,\"versionStr\":\"1.0.9\"},\"85\":{\"summary\":\"Integer (positive or negative)\",\"core\":true,\"versionStr\":\"1.0.5\"},\"40\":{\"summary\":\"Hidden value in a form\",\"core\":true,\"versionStr\":\"1.0.1\"},\"37\":{\"summary\":\"Single checkbox toggle\",\"core\":true,\"versionStr\":\"1.0.6\"},\"56\":{\"summary\":\"One or more image uploads (sortable)\",\"core\":true,\"versionStr\":\"1.2.9\"},\"90\":{\"summary\":\"Floating point number with precision\",\"core\":true,\"versionStr\":\"1.0.5\"},\"25\":{\"summary\":\"Multiple selection, progressive enhancement to select multiple\",\"core\":true,\"versionStr\":\"2.0.3\"},\"108\":{\"summary\":\"URL in valid format\",\"core\":true,\"versionStr\":\"1.0.3\"},\"34\":{\"summary\":\"Single line of text\",\"core\":true,\"versionStr\":\"1.0.6\"},\"155\":{\"summary\":\"TinyMCE rich text editor version 6.8.2.\",\"core\":true,\"versionStr\":\"6.1.8\"},\"205\":{\"summary\":\"Select an icon\",\"core\":true,\"versionStr\":\"0.0.3\"},\"55\":{\"summary\":\"One or more file uploads (sortable)\",\"core\":true,\"versionStr\":\"1.2.9\"},\"15\":{\"summary\":\"Selection of a single page from a ProcessWire page tree list\",\"core\":true,\"versionStr\":\"1.0.1\"},\"137\":{\"summary\":\"Selection of multiple pages from a ProcessWire page tree list\",\"core\":true,\"versionStr\":\"1.0.3\"},\"79\":{\"summary\":\"Contains any other markup and optionally child Inputfields\",\"core\":true,\"versionStr\":\"1.0.2\"},\"149\":{\"summary\":\"Build a page finding selector visually.\",\"author\":\"Avoine + ProcessWire\",\"core\":true,\"versionStr\":\"0.2.8\"},\"112\":{\"summary\":\"Handles input of Page Title and auto-generation of Page Name (when name is blank)\",\"core\":true,\"versionStr\":\"1.0.2\"},\"39\":{\"summary\":\"Radio buttons for selection of a single item\",\"core\":true,\"versionStr\":\"1.0.6\"},\"41\":{\"summary\":\"Text input validated as a ProcessWire name field\",\"core\":true,\"versionStr\":\"1.0.0\"},\"131\":{\"summary\":\"Form button element that you can optionally pass an href attribute to.\",\"core\":true,\"versionStr\":\"1.0.0\"},\"43\":{\"summary\":\"Select multiple items from a list\",\"core\":true,\"versionStr\":\"1.0.1\"},\"36\":{\"summary\":\"Selection of a single value from a select pulldown\",\"core\":true,\"versionStr\":\"1.0.3\"},\"35\":{\"summary\":\"Multiple lines of text\",\"core\":true,\"versionStr\":\"1.0.3\"},\"30\":{\"summary\":\"Contains one or more fields in a form\",\"core\":true,\"versionStr\":\"1.0.7\"},\"78\":{\"summary\":\"Groups one or more fields together in a container\",\"core\":true,\"versionStr\":\"1.0.1\"},\"156\":{\"summary\":\"Front-end to the HTML Purifier library.\",\"core\":true,\"versionStr\":\"4.9.7\"},\"113\":{\"summary\":\"Adds renderPager() method to all PaginatedArray types, for easy pagination output. Plus a render() method to PageArray instances.\",\"core\":true,\"versionStr\":\"1.0.0\"},\"67\":{\"summary\":\"Generates markup for data tables used by ProcessWire admin\",\"core\":true,\"versionStr\":\"1.0.7\"},\"98\":{\"summary\":\"Generates markup for pagination navigation\",\"core\":true,\"versionStr\":\"1.0.5\"},\"280\":{\"summary\":\"Markdown\\/Parsedown extra lightweight markup language by Emanuil Rusev. Based on Markdown by John Gruber.\",\"core\":true,\"versionStr\":\"1.8.0\"},\"61\":{\"summary\":\"Entity encode ampersands, quotes (single and double) and greater-than\\/less-than signs using htmlspecialchars(str, ENT_QUOTES). It is recommended that you use this on all text\\/textarea fields except those using a rich text editor or a markup language like Markdown.\",\"core\":true,\"versionStr\":\"1.0.0\"},\"115\":{\"summary\":\"Adds a render method to Page and caches page output.\",\"core\":true,\"versionStr\":\"1.0.5\"},\"148\":{\"summary\":\"Minimal admin theme that supports all ProcessWire features.\",\"core\":true,\"versionStr\":\"0.1.4\"},\"187\":{\"summary\":\"Uikit v3 admin theme\",\"core\":true,\"versionStr\":\"0.3.4\"},\"114\":{\"summary\":\"Adds various permission methods to Page objects that are used by Process modules.\",\"core\":true,\"versionStr\":\"1.0.5\"},\"125\":{\"summary\":\"Throttles login attempts to help prevent dictionary attacks.\",\"core\":true,\"versionStr\":\"1.0.3\"},\"117\":{\"summary\":\"jQuery UI as required by ProcessWire and plugins\",\"href\":\"https:\\/\\/ui.jquery.com\",\"core\":true,\"versionStr\":\"1.10.4\"},\"151\":{\"summary\":\"Provides lightbox capability for image galleries. Replacement for FancyBox. Uses Magnific Popup by @dimsemenov.\",\"href\":\"https:\\/\\/github.com\\/dimsemenov\\/Magnific-Popup\\/\",\"core\":true,\"versionStr\":\"1.1.0\"},\"45\":{\"summary\":\"Provides a jQuery plugin for generating tabs in ProcessWire.\",\"core\":true,\"versionStr\":\"1.1.0\"},\"103\":{\"summary\":\"Provides a jQuery plugin for sorting tables.\",\"href\":\"https:\\/\\/mottie.github.io\\/tablesorter\\/\",\"core\":true,\"versionStr\":\"2.31.3\"},\"116\":{\"summary\":\"jQuery Core as required by ProcessWire Admin and plugins\",\"href\":\"https:\\/\\/jquery.com\",\"core\":true,\"versionStr\":\"1.12.4\"},\"315\":{\"summary\":\"Less CSS preprocessor for ProcessWire using Wikimedia Less.\",\"author\":\"Bernhard Baumrock, Ryan Cramer\",\"versionStr\":\"0.0.5\"},\"386\":{\"summary\":\"Docs & Development Module for rock style of AdminThemeUikit\",\"versionStr\":\"1.5.0\"},\"403\":{\"summary\":\"Tool that helps you identify and install core and module upgrades.\",\"author\":\"Ryan Cramer\",\"versionStr\":\"0.1.1\"},\"404\":{\"summary\":\"Automatically checks for core and installed module upgrades at routine intervals.\",\"author\":\"Ryan Cramer\",\"versionStr\":\"0.0.9\"},\"275\":{\"summary\":\"Module for easy frontend development\",\"versionStr\":\"3.20.0\"},\"460\":{\"summary\":\"Adminer page for TracyDebugger.\",\"author\":\"Adrian Jones\",\"href\":\"https:\\/\\/processwire.com\\/talk\\/topic\\/12208-tracy-debugger\\/\",\"versionStr\":\"2.0.1\",\"page\":{\"name\":\"adminer\",\"parent\":\"setup\",\"title\":\"Adminer\"}},\"583\":{\"summary\":\"Create a site profile that can be used for a fresh install of ProcessWire.\",\"versionStr\":\"5.0.1\",\"page\":{\"name\":\"export-site-profile\",\"parent\":\"setup\"}},\"364\":{\"summary\":\"Project-specific autoload module. It allows for a centralized and organized way of managing project-level customizations and integrations.\",\"versionStr\":\"1.0.0\"},\"522\":{\"summary\":\"Tweaks for the ProcessWire Backend.\",\"versionStr\":\"1.9.3\"},\"657\":{\"summary\":\"Adminer renderer for TracyDebugger.\",\"author\":\"Adrian Jones\",\"href\":\"https:\\/\\/processwire.com\\/talk\\/topic\\/12208-tracy-debugger\\/\",\"versionStr\":\"2.0.2\",\"page\":{\"name\":\"adminer-renderer\",\"parent\":\"setup\",\"title\":\"Adminer Renderer\",\"status\":\"hidden\"}}}', '2024-03-16 10:17:51');
INSERT INTO `modules` (`id`, `class`, `flags`, `data`, `created`) VALUES('163', '.ModulesUninstalled.info', '8192', '{\"PagePathHistory\":{\"name\":\"PagePathHistory\",\"title\":\"Page Path History\",\"version\":8,\"versionStr\":\"0.0.8\",\"summary\":\"Keeps track of past URLs where pages have lived and automatically redirects (301 permanent) to the new location whenever the past URL is accessed.\",\"autoload\":true,\"singular\":true,\"created\":1726437206,\"installed\":false,\"configurable\":4,\"core\":true},\"PagePaths\":{\"name\":\"PagePaths\",\"title\":\"Page Paths\",\"version\":4,\"versionStr\":\"0.0.4\",\"summary\":\"Enables page paths\\/urls to be queryable by selectors. Also offers potential for improved load performance. Builds an index at install (may take time on a large site).\",\"autoload\":true,\"singular\":true,\"created\":1726437206,\"installed\":false,\"configurable\":4,\"core\":true},\"PageFrontEdit\":{\"name\":\"PageFrontEdit\",\"title\":\"Front-End Page Editor\",\"version\":6,\"versionStr\":\"0.0.6\",\"author\":\"Ryan Cramer\",\"summary\":\"Enables front-end editing of page fields.\",\"icon\":\"cube\",\"permissions\":{\"page-edit-front\":\"Use the front-end page editor\"},\"autoload\":true,\"created\":1726437206,\"installed\":false,\"configurable\":\"PageFrontEditConfig.php\",\"core\":true,\"license\":\"MPL 2.0\"},\"LanguageSupportFields\":{\"name\":\"LanguageSupportFields\",\"title\":\"Languages Support - Fields\",\"version\":101,\"versionStr\":\"1.0.1\",\"author\":\"Ryan Cramer\",\"summary\":\"Required to use multi-language fields.\",\"requiresVersions\":{\"LanguageSupport\":[\">=\",0]},\"installs\":[\"FieldtypePageTitleLanguage\",\"FieldtypeTextareaLanguage\",\"FieldtypeTextLanguage\"],\"autoload\":true,\"singular\":true,\"created\":1726437206,\"installed\":false,\"core\":true},\"ProcessLanguageTranslator\":{\"name\":\"ProcessLanguageTranslator\",\"title\":\"Language Translator\",\"version\":103,\"versionStr\":\"1.0.3\",\"author\":\"Ryan Cramer\",\"summary\":\"Provides language translation capabilities for ProcessWire core and modules.\",\"requiresVersions\":{\"LanguageSupport\":[\">=\",0]},\"permission\":\"lang-edit\",\"created\":1726437206,\"installed\":false,\"configurable\":4,\"core\":true},\"LanguageSupport\":{\"name\":\"LanguageSupport\",\"title\":\"Languages Support\",\"version\":104,\"versionStr\":\"1.0.4\",\"author\":\"Ryan Cramer\",\"summary\":\"ProcessWire multi-language support.\",\"installs\":[\"ProcessLanguage\",\"ProcessLanguageTranslator\"],\"autoload\":true,\"singular\":true,\"created\":1726437206,\"installed\":false,\"configurable\":3,\"core\":true,\"addFlag\":32},\"ProcessLanguage\":{\"name\":\"ProcessLanguage\",\"title\":\"Languages\",\"version\":103,\"versionStr\":\"1.0.3\",\"author\":\"Ryan Cramer\",\"summary\":\"Manage system languages\",\"icon\":\"language\",\"requiresVersions\":{\"LanguageSupport\":[\">=\",0]},\"permission\":\"lang-edit\",\"permissions\":{\"lang-edit\":\"Administer languages and static translation files\"},\"created\":1726437206,\"installed\":false,\"configurable\":3,\"core\":true,\"useNavJSON\":true},\"FieldtypeTextareaLanguage\":{\"name\":\"FieldtypeTextareaLanguage\",\"title\":\"Textarea (Multi-language)\",\"version\":100,\"versionStr\":\"1.0.0\",\"summary\":\"Field that stores a multiple lines of text in multiple languages\",\"requiresVersions\":{\"LanguageSupportFields\":[\">=\",0]},\"created\":1726437206,\"installed\":false,\"core\":true},\"FieldtypePageTitleLanguage\":{\"name\":\"FieldtypePageTitleLanguage\",\"title\":\"Page Title (Multi-Language)\",\"version\":100,\"versionStr\":\"1.0.0\",\"author\":\"Ryan Cramer\",\"summary\":\"Field that stores a page title in multiple languages. Use this only if you want title inputs created for ALL languages on ALL pages. Otherwise create separate languaged-named title fields, i.e. title_fr, title_es, title_fi, etc. \",\"requiresVersions\":{\"LanguageSupportFields\":[\">=\",0],\"FieldtypeTextLanguage\":[\">=\",0]},\"created\":1726437206,\"installed\":false,\"core\":true},\"LanguageTabs\":{\"name\":\"LanguageTabs\",\"title\":\"Languages Support - Tabs\",\"version\":117,\"versionStr\":\"1.1.7\",\"author\":\"adamspruijt, ryan, flipzoom\",\"summary\":\"Organizes multi-language fields into tabs for a cleaner easier to use interface.\",\"requiresVersions\":{\"LanguageSupport\":[\">=\",0]},\"autoload\":\"template=admin\",\"singular\":true,\"created\":1726437206,\"installed\":false,\"configurable\":4,\"core\":true},\"LanguageSupportPageNames\":{\"name\":\"LanguageSupportPageNames\",\"title\":\"Languages Support - Page Names\",\"version\":14,\"versionStr\":\"0.1.4\",\"author\":\"Ryan Cramer\",\"summary\":\"Required to use multi-language page names.\",\"requiresVersions\":{\"LanguageSupport\":[\">=\",0],\"LanguageSupportFields\":[\">=\",0]},\"autoload\":true,\"singular\":true,\"created\":1726437206,\"installed\":false,\"configurable\":4,\"core\":true},\"FieldtypeTextLanguage\":{\"name\":\"FieldtypeTextLanguage\",\"title\":\"Text (Multi-language)\",\"version\":100,\"versionStr\":\"1.0.0\",\"summary\":\"Field that stores a single line of text in multiple languages\",\"requiresVersions\":{\"LanguageSupportFields\":[\">=\",0]},\"created\":1726437206,\"installed\":false,\"core\":true},\"ProcessPageClone\":{\"name\":\"ProcessPageClone\",\"title\":\"Page Clone\",\"version\":106,\"versionStr\":\"1.0.6\",\"summary\":\"Provides ability to clone\\/copy\\/duplicate pages in the admin. Adds a &quot;copy&quot; option to all applicable pages in the PageList.\",\"permission\":\"page-clone\",\"permissions\":{\"page-clone\":\"Clone a page\",\"page-clone-tree\":\"Clone a tree of pages\"},\"autoload\":\"template=admin\",\"created\":1726437206,\"installed\":false,\"configurable\":4,\"core\":true,\"page\":{\"name\":\"clone\",\"title\":\"Clone\",\"parent\":\"page\",\"status\":1024}},\"ProcessPagesExportImport\":{\"name\":\"ProcessPagesExportImport\",\"title\":\"Pages Export\\/Import\",\"version\":1,\"versionStr\":\"0.0.1\",\"author\":\"Ryan Cramer\",\"summary\":\"Enables exporting and importing of pages. Development version, not yet recommended for production use.\",\"icon\":\"paper-plane-o\",\"permission\":\"page-edit-export\",\"created\":1726437206,\"installed\":false,\"core\":true,\"page\":{\"name\":\"export-import\",\"parent\":\"page\",\"title\":\"Export\\/Import\"}},\"ProcessCommentsManager\":{\"name\":\"ProcessCommentsManager\",\"title\":\"Comments\",\"version\":12,\"versionStr\":\"0.1.2\",\"author\":\"Ryan Cramer\",\"summary\":\"Manage comments in your site outside of the page editor.\",\"icon\":\"comments\",\"requiresVersions\":{\"FieldtypeComments\":[\">=\",0]},\"permission\":\"comments-manager\",\"permissions\":{\"comments-manager\":\"Use the comments manager\"},\"created\":1726437206,\"installed\":false,\"searchable\":\"comments\",\"core\":true,\"page\":{\"name\":\"comments\",\"parent\":\"setup\",\"title\":\"Comments\"},\"nav\":[{\"url\":\"?go=approved\",\"label\":\"Approved\"},{\"url\":\"?go=pending\",\"label\":\"Pending\"},{\"url\":\"?go=spam\",\"label\":\"Spam\"},{\"url\":\"?go=all\",\"label\":\"All\"}]},\"ProcessForgotPassword\":{\"name\":\"ProcessForgotPassword\",\"title\":\"Forgot Password\",\"version\":104,\"versionStr\":\"1.0.4\",\"summary\":\"Provides password reset\\/email capability for the Login process.\",\"permission\":\"page-view\",\"created\":1726437206,\"installed\":false,\"configurable\":4,\"core\":true},\"InputfieldPageAutocomplete\":{\"name\":\"InputfieldPageAutocomplete\",\"title\":\"Page Auto Complete\",\"version\":113,\"versionStr\":\"1.1.3\",\"summary\":\"Multiple Page selection using auto completion and sorting capability. Intended for use as an input field for Page reference fields.\",\"created\":1726437206,\"installed\":false,\"core\":true},\"InputfieldPageTable\":{\"name\":\"InputfieldPageTable\",\"title\":\"ProFields: Page Table\",\"version\":14,\"versionStr\":\"0.1.4\",\"summary\":\"Inputfield to accompany FieldtypePageTable\",\"requiresVersions\":{\"FieldtypePageTable\":[\">=\",0]},\"created\":1726437206,\"installed\":false,\"core\":true},\"InputfieldToggle\":{\"name\":\"InputfieldToggle\",\"title\":\"Toggle\",\"version\":1,\"versionStr\":\"0.0.1\",\"summary\":\"A toggle providing similar input capability to a checkbox but much more configurable.\",\"created\":1726437206,\"installed\":false,\"core\":true},\"InputfieldCKEditor\":{\"name\":\"InputfieldCKEditor\",\"title\":\"CKEditor\",\"version\":172,\"versionStr\":\"1.7.2\",\"summary\":\"CKEditor textarea rich text editor.\",\"installs\":[\"MarkupHTMLPurifier\"],\"created\":1726437206,\"installed\":false,\"core\":true},\"AdminThemeReno\":{\"name\":\"AdminThemeReno\",\"title\":\"Reno\",\"version\":17,\"versionStr\":\"0.1.7\",\"author\":\"Tom Reno (Renobird)\",\"summary\":\"Admin theme for ProcessWire 2.5+ by Tom Reno (Renobird)\",\"requiresVersions\":{\"AdminThemeDefault\":[\">=\",0]},\"autoload\":\"template=admin\",\"created\":1726437206,\"installed\":false,\"configurable\":3,\"core\":true},\"PagesVersions\":{\"name\":\"PagesVersions\",\"title\":\"Pages Versions\",\"version\":2,\"versionStr\":\"0.0.2\",\"author\":\"Ryan Cramer\",\"summary\":\"Provides a version control API for pages in ProcessWire.\",\"icon\":\"code-fork\",\"autoload\":true,\"singular\":true,\"created\":1726437206,\"installed\":false,\"core\":true},\"MarkupCache\":{\"name\":\"MarkupCache\",\"title\":\"Markup Cache\",\"version\":101,\"versionStr\":\"1.0.1\",\"summary\":\"A simple way to cache segments of markup in your templates. \",\"href\":\"https:\\/\\/processwire.com\\/api\\/modules\\/markupcache\\/\",\"autoload\":true,\"singular\":true,\"created\":1726437206,\"installed\":false,\"configurable\":3,\"core\":true},\"MarkupRSS\":{\"name\":\"MarkupRSS\",\"title\":\"Markup RSS Feed\",\"version\":105,\"versionStr\":\"1.0.5\",\"summary\":\"Renders an RSS feed. Given a PageArray, renders an RSS feed of them.\",\"icon\":\"rss-square\",\"created\":1726437206,\"installed\":false,\"configurable\":3,\"core\":true},\"MarkupPageFields\":{\"name\":\"MarkupPageFields\",\"title\":\"Markup Page Fields\",\"version\":100,\"versionStr\":\"1.0.0\",\"summary\":\"Adds $page->renderFields() and $page->images->render() methods that return basic markup for output during development and debugging.\",\"autoload\":true,\"singular\":true,\"created\":1726437206,\"installed\":false,\"core\":true,\"permanent\":true},\"InputfieldRepeater\":{\"name\":\"InputfieldRepeater\",\"title\":\"Repeater\",\"version\":111,\"versionStr\":\"1.1.1\",\"summary\":\"Repeats fields from another template. Provides the input for FieldtypeRepeater.\",\"requiresVersions\":{\"FieldtypeRepeater\":[\">=\",0]},\"created\":1726437206,\"installed\":false,\"core\":true},\"FieldtypeFieldsetPage\":{\"name\":\"FieldtypeFieldsetPage\",\"title\":\"Fieldset (Page)\",\"version\":1,\"versionStr\":\"0.0.1\",\"summary\":\"Fieldset with fields isolated to separate namespace (page), enabling re-use of fields.\",\"requiresVersions\":{\"FieldtypeRepeater\":[\">=\",0]},\"autoload\":true,\"created\":1726437206,\"installed\":false,\"configurable\":3,\"core\":true},\"FieldtypeRepeater\":{\"name\":\"FieldtypeRepeater\",\"title\":\"Repeater\",\"version\":113,\"versionStr\":\"1.1.3\",\"summary\":\"Maintains a collection of fields that are repeated for any number of times.\",\"installs\":[\"InputfieldRepeater\"],\"autoload\":true,\"created\":1726437206,\"installed\":false,\"configurable\":3,\"core\":true},\"FieldtypeSelector\":{\"name\":\"FieldtypeSelector\",\"title\":\"Selector\",\"version\":13,\"versionStr\":\"0.1.3\",\"author\":\"Avoine + ProcessWire\",\"summary\":\"Build a page finding selector visually.\",\"created\":1726437206,\"installed\":false,\"core\":true},\"FieldtypeOptions\":{\"name\":\"FieldtypeOptions\",\"title\":\"Select Options\",\"version\":2,\"versionStr\":\"0.0.2\",\"summary\":\"Field that stores single and multi select options.\",\"created\":1726437206,\"installed\":false,\"core\":true},\"FieldtypeToggle\":{\"name\":\"FieldtypeToggle\",\"title\":\"Toggle (Yes\\/No)\",\"version\":1,\"versionStr\":\"0.0.1\",\"summary\":\"Configurable yes\\/no, on\\/off toggle alternative to a checkbox, plus optional \\u201cother\\u201d option.\",\"requiresVersions\":{\"InputfieldToggle\":[\">=\",0]},\"created\":1726437206,\"installed\":false,\"core\":true},\"FieldtypePageTable\":{\"name\":\"FieldtypePageTable\",\"title\":\"ProFields: Page Table\",\"version\":8,\"versionStr\":\"0.0.8\",\"summary\":\"A fieldtype containing a group of editable pages.\",\"installs\":[\"InputfieldPageTable\"],\"autoload\":true,\"created\":1726437206,\"installed\":false,\"core\":true},\"FieldtypeComments\":{\"name\":\"FieldtypeComments\",\"title\":\"Comments\",\"version\":110,\"versionStr\":\"1.1.0\",\"summary\":\"Field that stores user posted comments for a single Page\",\"installs\":[\"InputfieldCommentsAdmin\"],\"created\":1726437206,\"installed\":false,\"core\":true},\"InputfieldCommentsAdmin\":{\"name\":\"InputfieldCommentsAdmin\",\"title\":\"Comments Admin\",\"version\":104,\"versionStr\":\"1.0.4\",\"summary\":\"Provides an administrative interface for working with comments\",\"requiresVersions\":{\"FieldtypeComments\":[\">=\",0]},\"created\":1726437206,\"installed\":false,\"core\":true},\"CommentFilterAkismet\":{\"name\":\"CommentFilterAkismet\",\"title\":\"Comment Filter: Akismet\",\"version\":200,\"versionStr\":\"2.0.0\",\"summary\":\"Uses the Akismet service to identify comment spam. Module plugin for the Comments Fieldtype.\",\"requiresVersions\":{\"FieldtypeComments\":[\">=\",0]},\"created\":1726437206,\"installed\":false,\"configurable\":3,\"core\":true},\"FieldtypeCache\":{\"name\":\"FieldtypeCache\",\"title\":\"Cache\",\"version\":102,\"versionStr\":\"1.0.2\",\"summary\":\"Caches the values of other fields for fewer runtime queries. Can also be used to combine multiple text fields and have them all be searchable under the cached field name.\",\"created\":1726437206,\"installed\":false,\"core\":true},\"FieldtypeDecimal\":{\"name\":\"FieldtypeDecimal\",\"title\":\"Decimal\",\"version\":1,\"versionStr\":\"0.0.1\",\"summary\":\"Field that stores a decimal number\",\"created\":1726437206,\"installed\":false,\"core\":true},\"FileCompilerTags\":{\"name\":\"FileCompilerTags\",\"title\":\"Tags File Compiler\",\"version\":1,\"versionStr\":\"0.0.1\",\"summary\":\"Enables {var} or {var.property} variables in markup sections of a file. Can be used with any API variable.\",\"created\":1726437206,\"installed\":false,\"configurable\":4,\"core\":true},\"ImageSizerEngineAnimatedGif\":{\"name\":\"ImageSizerEngineAnimatedGif\",\"title\":\"Animated GIF Image Sizer\",\"version\":1,\"versionStr\":\"0.0.1\",\"author\":\"Horst Nogajski\",\"summary\":\"Upgrades image manipulations for animated GIFs.\",\"created\":1726437206,\"installed\":false,\"configurable\":4,\"core\":true},\"ImageSizerEngineIMagick\":{\"name\":\"ImageSizerEngineIMagick\",\"title\":\"IMagick Image Sizer\",\"version\":3,\"versionStr\":\"0.0.3\",\"author\":\"Horst Nogajski\",\"summary\":\"Upgrades image manipulations to use PHP\'s ImageMagick library when possible.\",\"created\":1726437206,\"installed\":false,\"configurable\":4,\"core\":true},\"TextformatterNewlineUL\":{\"name\":\"TextformatterNewlineUL\",\"title\":\"Newlines to Unordered List\",\"version\":100,\"versionStr\":\"1.0.0\",\"summary\":\"Converts newlines to <li> list items and surrounds in an <ul> unordered list. \",\"created\":1726437206,\"installed\":false,\"core\":true},\"TextformatterNewlineBR\":{\"name\":\"TextformatterNewlineBR\",\"title\":\"Newlines to XHTML Line Breaks\",\"version\":100,\"versionStr\":\"1.0.0\",\"summary\":\"Converts newlines to XHTML line break <br \\/> tags. \",\"created\":1726437206,\"installed\":false,\"core\":true},\"TextformatterPstripper\":{\"name\":\"TextformatterPstripper\",\"title\":\"Paragraph Stripper\",\"version\":100,\"versionStr\":\"1.0.0\",\"summary\":\"Strips paragraph <p> tags that may have been applied by other text formatters before it. \",\"created\":1726437206,\"installed\":false,\"core\":true},\"TextformatterStripTags\":{\"name\":\"TextformatterStripTags\",\"title\":\"Strip Markup Tags\",\"version\":100,\"versionStr\":\"1.0.0\",\"summary\":\"Strips HTML\\/XHTML Markup Tags\",\"created\":1726437206,\"installed\":false,\"configurable\":3,\"core\":true},\"TextformatterSmartypants\":{\"name\":\"TextformatterSmartypants\",\"title\":\"SmartyPants Typographer\",\"version\":171,\"versionStr\":\"1.7.1\",\"summary\":\"Smart typography for web sites, by Michel Fortin based on SmartyPants by John Gruber. If combined with Markdown, it should be applied AFTER Markdown.\",\"created\":1726437206,\"installed\":false,\"configurable\":4,\"core\":true,\"url\":\"https:\\/\\/github.com\\/michelf\\/php-smartypants\"},\"LazyCron\":{\"name\":\"LazyCron\",\"title\":\"Lazy Cron\",\"version\":104,\"versionStr\":\"1.0.4\",\"summary\":\"Provides hooks that are automatically executed at various intervals. It is called \'lazy\' because it\'s triggered by a pageview, so the interval is guaranteed to be at least the time requested, rather than exactly the time requested. This is fine for most cases, but you can make it not lazy by connecting this to a real CRON job. See the module file for details. \",\"href\":\"https:\\/\\/processwire.com\\/api\\/modules\\/lazy-cron\\/\",\"autoload\":true,\"singular\":true,\"created\":1726437206,\"installed\":false,\"core\":true},\"SessionHandlerDB\":{\"name\":\"SessionHandlerDB\",\"title\":\"Session Handler Database\",\"version\":6,\"versionStr\":\"0.0.6\",\"summary\":\"Installing this module makes ProcessWire store sessions in the database rather than the file system. Note that this module will log you out after install or uninstall.\",\"installs\":[\"ProcessSessionDB\"],\"created\":1726437206,\"installed\":false,\"configurable\":3,\"core\":true},\"ProcessSessionDB\":{\"name\":\"ProcessSessionDB\",\"title\":\"Sessions\",\"version\":5,\"versionStr\":\"0.0.5\",\"summary\":\"Enables you to browse active database sessions.\",\"icon\":\"dashboard\",\"requiresVersions\":{\"SessionHandlerDB\":[\">=\",0]},\"created\":1726437206,\"installed\":false,\"core\":true,\"page\":{\"name\":\"sessions-db\",\"parent\":\"access\",\"title\":\"Sessions\"}},\"SystemNotifications\":{\"name\":\"SystemNotifications\",\"title\":\"System Notifications\",\"version\":12,\"versionStr\":\"0.1.2\",\"summary\":\"Adds support for notifications in ProcessWire (currently in development)\",\"icon\":\"bell\",\"installs\":[\"FieldtypeNotifications\"],\"autoload\":true,\"created\":1726437206,\"installed\":false,\"configurable\":\"SystemNotificationsConfig.php\",\"core\":true},\"FieldtypeNotifications\":{\"name\":\"FieldtypeNotifications\",\"title\":\"Notifications\",\"version\":4,\"versionStr\":\"0.0.4\",\"summary\":\"Field that stores user notifications.\",\"requiresVersions\":{\"SystemNotifications\":[\">=\",0]},\"created\":1726437206,\"installed\":false,\"core\":true},\"TextformatterRockFrontend\":{\"name\":\"TextformatterRockFrontend\",\"title\":\"RockFrontend Textformatter\",\"version\":\"1.0.0\",\"versionStr\":\"1.0.0\",\"summary\":\"Textformatter to manage consent\",\"created\":1727272853,\"installed\":false,\"configurable\":4},\"ProcessTracyAdminerRenderer\":{\"name\":\"ProcessTracyAdminerRenderer\",\"title\":\"Process Tracy Adminer Renderer\",\"version\":\"2.0.2\",\"versionStr\":\"2.0.2\",\"author\":\"Adrian Jones\",\"summary\":\"Adminer renderer for TracyDebugger.\",\"href\":\"https:\\/\\/processwire.com\\/talk\\/topic\\/12208-tracy-debugger\\/\",\"icon\":\"database\",\"requiresVersions\":{\"ProcessWire\":[\">=\",\"2.7.2\"],\"PHP\":[\">=\",\"5.4.4\"],\"TracyDebugger\":[\">=\",0]},\"singular\":true,\"created\":1727272866,\"installed\":false,\"namespace\":\"\\\\\",\"page\":{\"name\":\"adminer-renderer\",\"parent\":\"setup\",\"title\":\"Adminer Renderer\",\"status\":\"hidden\"}}}', '2024-03-16 10:17:51');
INSERT INTO `modules` (`id`, `class`, `flags`, `data`, `created`) VALUES('164', '.ModulesVersions.info', '8192', '{\"527\":6,\"56\":128,\"94\":107,\"460\":\"1.1.3\"}', '2024-03-16 10:17:51');
INSERT INTO `modules` (`id`, `class`, `flags`, `data`, `created`) VALUES('175', 'ProcessRecentPages', '1', '', '2024-03-16 10:17:51');
INSERT INTO `modules` (`id`, `class`, `flags`, `data`, `created`) VALUES('187', 'AdminThemeUikit', '10', '{\"logoURL\":\"\",\"cssVersion\":2,\"configPhpHash\":\"43879acd08fa2616b08f3349a3dad97e\",\"useAsLogin\":\"\",\"userAvatar\":\"icon.user-circle\",\"userLabel\":\"{Name}\",\"logoAction\":\"0\",\"layout\":\"\",\"ukGrid\":\"0\",\"maxWidth\":1600,\"groupNotices\":\"1\",\"cssURL\":\"\",\"inputSize\":\"m\",\"noBorderTypes\":[],\"offsetTypes\":[],\"toggleBehavior\":\"1\"}', '2024-03-16 10:17:51');
INSERT INTO `modules` (`id`, `class`, `flags`, `data`, `created`) VALUES('200', 'ProcessLogger', '1', '', '2024-03-16 10:17:52');
INSERT INTO `modules` (`id`, `class`, `flags`, `data`, `created`) VALUES('205', 'InputfieldIcon', '0', '', '2024-03-16 10:17:52');
INSERT INTO `modules` (`id`, `class`, `flags`, `data`, `created`) VALUES('275', 'RockFrontend', '3', '{\"livereloadBackend\":1,\"liveReloadModules\":\"\",\"noLayoutFile\":\"\",\"copyLayoutFile\":1,\"layoutFile\":\"_main.latte\",\"ideLinkHandler\":\"cursor:\\/\\/file\\/%file\",\"webfonts\":\"\",\"remBase\":16,\"features\":[\"RockFrontend.js\",\"topbar\"],\"topbarz\":999,\"m_name\":\"\",\"m_theme_color\":\"\",\"m_background_color\":\"\",\"postCssTool\":\"\",\"profile\":\"\",\"uikit\":\"\",\"installTailwind\":1}', '2024-03-16 12:21:06');
INSERT INTO `modules` (`id`, `class`, `flags`, `data`, `created`) VALUES('280', 'TextformatterMarkdownExtra', '1', '', '2024-03-16 12:21:07');
INSERT INTO `modules` (`id`, `class`, `flags`, `data`, `created`) VALUES('315', 'Less', '0', '', '2024-03-16 15:10:07');
INSERT INTO `modules` (`id`, `class`, `flags`, `data`, `created`) VALUES('364', 'Site', '3', '', '2024-03-16 15:26:42');
INSERT INTO `modules` (`id`, `class`, `flags`, `data`, `created`) VALUES('386', 'AdminStyleRock', '3', '', '2024-03-16 15:55:20');
INSERT INTO `modules` (`id`, `class`, `flags`, `data`, `created`) VALUES('403', 'ProcessWireUpgrade', '1', '', '2024-03-24 15:06:03');
INSERT INTO `modules` (`id`, `class`, `flags`, `data`, `created`) VALUES('404', 'ProcessWireUpgradeCheck', '11', '', '2024-03-24 15:06:03');
INSERT INTO `modules` (`id`, `class`, `flags`, `data`, `created`) VALUES('459', 'TracyDebugger', '3', '{\"enabled\":1,\"use_php_session\":0,\"superuserForceDevelopment\":null,\"guestForceDevelopmentLocal\":null,\"forceIsLocal\":false,\"recordGuestDumps\":false,\"ipAddress\":null,\"restrictSuperusers\":null,\"strictMode\":null,\"strictModeAjax\":null,\"forceScream\":null,\"outputMode\":\"detect\",\"showLocation\":[\"Tracy\\\\Dumper::LOCATION_SOURCE\",\"Tracy\\\\Dumper::LOCATION_LINK\",\"Tracy\\\\Dumper::LOCATION_CLASS\"],\"logSeverity\":[],\"excludedPwLogFiles\":[\"session\",\"modules\",\"file-compiler\"],\"excludedTracyLogFiles\":[],\"numLogEntries\":10,\"collapse\":14,\"collapse_count\":7,\"maxDepth\":3,\"maxLength\":150,\"maxItems\":100,\"maxAjaxRows\":3,\"showDebugBar\":[\"frontend\",\"backend\"],\"hideDebugBar\":null,\"hideDebugBarFrontendTemplates\":[],\"hideDebugBarBackendTemplates\":[],\"hideDebugBarModals\":[],\"frontendPanels\":[\"processwireInfo\",\"requestInfo\",\"processwireLogs\",\"tracyLogs\",\"tracyExceptions\",\"methodsInfo\",\"debugMode\",\"console\",\"panelSelector\",\"tracyToggler\"],\"backendPanels\":[\"processwireInfo\",\"requestInfo\",\"processwireLogs\",\"tracyLogs\",\"tracyExceptions\",\"methodsInfo\",\"debugMode\",\"console\",\"panelSelector\",\"tracyToggler\"],\"restrictedUserDisabledPanels\":[],\"nonToggleablePanels\":[],\"panelSelectorTracyTogglerButton\":1,\"showUserBar\":null,\"showUserBarTracyUsers\":null,\"userBarFeatures\":[\"admin\",\"editPage\"],\"userBarCustomFeatures\":\"\",\"userBarBackgroundColor\":\"\",\"userBarBackgroundOpacity\":1,\"userBarIconColor\":\"#666666\",\"userBarTopBottom\":\"bottom\",\"userBarLeftRight\":\"left\",\"showPanelLabels\":null,\"barPosition\":\"bottom-right\",\"panelZindex\":100,\"styleWhere\":[\"backend\",\"frontend\"],\"styleAdminElements\":\"body::before {\\n\\tcontent: \\\"[type]\\\";\\n\\tbackground: [color];\\n\\tposition: fixed;\\n\\tleft: 0;\\n\\tbottom: 100%;\\n\\tcolor: #ffffff;\\n\\twidth: 100vh;\\n\\tpadding: 0;\\n\\ttext-align: center;\\n\\tfont-weight: 600;\\n\\ttext-transform: uppercase;\\n\\ttransform: rotate(90deg);\\n\\ttransform-origin: bottom left;\\n\\tz-index: 999999;\\n\\tfont-family: sans-serif;\\n\\tfont-size: 11px;\\n\\theight: 13px;\\n\\tline-height: 13px;\\npointer-events: none;\\n}\\n\",\"styleAdminColors\":\"\\nlocal|#FF9933\\n*.local|#FF9933\\ndev.*|#FF9933\\n*.test|#FF9933\\nstaging.*|#8b0066\\n*.com|#009900\",\"styleAdminType\":[\"favicon\"],\"showPWInfoPanelIconLabels\":1,\"linksNewTab\":null,\"pWInfoPanelLinksNewTab\":null,\"customPWInfoPanelLinks\":[11,16,22,21,29,30,31,304],\"adminerEditFieldLink\":1,\"adminerStandAlone\":null,\"adminerThemeColor\":\"blue\",\"adminerJsonMaxLevel\":3,\"adminerJsonInTable\":1,\"adminerJsonInEdit\":1,\"adminerJsonMaxTextLength\":200,\"captainHookShowDescription\":1,\"captainHookToggleDocComment\":null,\"apiExplorerShowDescription\":1,\"apiExplorerToggleDocComment\":null,\"apiExplorerModuleClasses\":[],\"requestInfoPanelSections\":[\"moduleSettings\",\"templateSettings\",\"fieldSettings\",\"pageInfo\",\"redirectInfo\",\"pagePermissions\",\"languageInfo\",\"templateInfo\",\"pageMeta\",\"fieldsListValues\",\"serverRequest\",\"inputGet\",\"inputPost\",\"inputCookie\",\"session\",\"editLinks\"],\"processwireInfoPanelSections\":[\"versionsList\",\"adminLinks\",\"documentationLinks\",\"gotoId\",\"processWireWebsiteSearch\"],\"debugModePanelSections\":[\"pagesLoaded\",\"modulesLoaded\",\"hooks\",\"databaseQueries\",\"selectorQueries\",\"timers\",\"user\",\"cache\",\"autoload\"],\"diagnosticsPanelSections\":[\"filesystemFolders\"],\"dumpPanelTabs\":[\"debugInfo\",\"fullObject\"],\"requestMethods\":[\"GET\",\"POST\",\"PUT\",\"DELETE\",\"PATCH\"],\"requestLoggerMaxLogs\":10,\"requestLoggerReturnType\":\"array\",\"imagesInFieldListValues\":0,\"snippetsPath\":\"templates\",\"consoleBackupLimit\":25,\"consoleCodePrefix\":\"\",\"userSwitcherSelector\":\"\",\"userSwitcherRestricted\":null,\"userSwitcherIncluded\":null,\"todoIgnoreDirs\":\"git, svn, images, img, errors, sass-cache, node_modules\",\"todoScanModules\":null,\"todoScanAssets\":null,\"todoAllowedExtensions\":\"php, module, inc, txt, latte, html, htm, md, css, scss, less, js\",\"variablesShowPwObjects\":null,\"alwaysShowDebugTools\":1,\"respectConfigDebugTools\":null,\"userDevTemplate\":null,\"userDevTemplateSuffix\":\"dev\",\"customPhpCode\":\"\",\"linksCode\":\"\",\"fromEmail\":\"\",\"email\":\"\",\"clearEmailSent\":null,\"slackChannel\":\"\",\"slackAppOauthToken\":\"\",\"showFireLogger\":1,\"reservedMemorySize\":500000,\"referencePageEdited\":1,\"debugInfo\":1,\"editor\":\"vscode:\\/\\/file\\/%file:%line\",\"useOnlineEditor\":[],\"onlineEditor\":\"tracy\",\"forceEditorLinksToTracy\":1,\"localRootPath\":\"\",\"aceTheme\":\"tomorrow_night_bright\",\"codeFontSize\":14,\"codeLineHeight\":24,\"codeShowInvisibles\":true,\"codeTabSize\":4,\"codeUseSoftTabs\":true,\"codeShowDescription\":1,\"customSnippetsUrl\":\"\",\"pwAutocompletions\":1,\"fileEditorAllowedExtensions\":\"php, module, js, css, txt, log, htaccess\",\"fileEditorExcludedDirs\":\"site\\/assets\",\"fileEditorBaseDirectory\":\"templates\",\"enableShortcutMethods\":1,\"enabledShortcutMethods\":[\"addBreakpoint\",\"bp\",\"barDump\",\"bd\",\"barDumpBig\",\"bdb\",\"barEcho\",\"be\",\"debugAll\",\"da\",\"dump\",\"d\",\"dumpBig\",\"db\",\"l\",\"templateVars\",\"tv\",\"timer\",\"t\"],\"userSwitchSession\":{\"5R54R9OHXDCnJS15AILEJUq1eZt42.3Y\":1716225862}}', '2024-03-24 16:15:08');
INSERT INTO `modules` (`id`, `class`, `flags`, `data`, `created`) VALUES('460', 'ProcessTracyAdminer', '1', '', '2024-03-24 16:15:08');
INSERT INTO `modules` (`id`, `class`, `flags`, `data`, `created`) VALUES('522', 'RockAdminTweaks', '11', '{\"enabledTweaks\":null,\"tgroup\":\"\",\"tname\":\"\",\"tweaks\":[]}', '2024-05-19 19:00:47');
INSERT INTO `modules` (`id`, `class`, `flags`, `data`, `created`) VALUES('527', 'InputfieldTextTags', '0', '', '2024-05-19 19:03:43');
INSERT INTO `modules` (`id`, `class`, `flags`, `data`, `created`) VALUES('657', 'ProcessTracyAdminerRenderer', '1', '', '2024-09-25 16:01:16');

DROP TABLE IF EXISTS `pages`;
CREATE TABLE `pages` (
  `id` int(10) unsigned NOT NULL AUTO_INCREMENT,
  `parent_id` int(11) unsigned NOT NULL DEFAULT 0,
  `templates_id` int(11) unsigned NOT NULL DEFAULT 0,
  `name` varchar(128) CHARACTER SET ascii COLLATE ascii_general_ci NOT NULL,
  `status` int(10) unsigned NOT NULL DEFAULT 1,
  `modified` timestamp NOT NULL DEFAULT current_timestamp(),
  `modified_users_id` int(10) unsigned NOT NULL DEFAULT 2,
  `created` timestamp NOT NULL DEFAULT '2015-12-18 06:09:00',
  `created_users_id` int(10) unsigned NOT NULL DEFAULT 2,
  `published` datetime DEFAULT NULL,
  `sort` int(11) NOT NULL DEFAULT 0,
  PRIMARY KEY (`id`),
  UNIQUE KEY `name_parent_id` (`name`,`parent_id`),
  KEY `parent_id` (`parent_id`),
  KEY `templates_id` (`templates_id`),
  KEY `modified` (`modified`),
  KEY `created` (`created`),
  KEY `status` (`status`),
  KEY `published` (`published`)
) ENGINE=MyISAM AUTO_INCREMENT=1030 DEFAULT CHARSET=utf8 COLLATE=utf8mb4_general_ci;

INSERT INTO `pages` (`id`, `parent_id`, `templates_id`, `name`, `status`, `modified`, `modified_users_id`, `created`, `created_users_id`, `published`, `sort`) VALUES('1', '0', '1', 'home', '9', '2024-09-26 20:04:55', '41', '2024-03-16 10:17:38', '41', '2024-03-16 10:17:38', '0');
INSERT INTO `pages` (`id`, `parent_id`, `templates_id`, `name`, `status`, `modified`, `modified_users_id`, `created`, `created_users_id`, `published`, `sort`) VALUES('2', '1', '2', 'cms', '1035', '2024-07-02 14:00:11', '40', '2024-03-16 10:17:38', '41', '2024-03-16 10:17:38', '7');
INSERT INTO `pages` (`id`, `parent_id`, `templates_id`, `name`, `status`, `modified`, `modified_users_id`, `created`, `created_users_id`, `published`, `sort`) VALUES('3', '2', '2', 'page', '21', '2024-03-25 11:19:14', '41', '2024-03-16 10:17:38', '41', '2024-03-16 10:17:38', '0');
INSERT INTO `pages` (`id`, `parent_id`, `templates_id`, `name`, `status`, `modified`, `modified_users_id`, `created`, `created_users_id`, `published`, `sort`) VALUES('6', '3', '2', 'add', '21', '2024-03-16 10:17:52', '40', '2024-03-16 10:17:38', '41', '2024-03-16 10:17:38', '1');
INSERT INTO `pages` (`id`, `parent_id`, `templates_id`, `name`, `status`, `modified`, `modified_users_id`, `created`, `created_users_id`, `published`, `sort`) VALUES('7', '1', '2', 'trash', '1039', '2024-03-16 10:17:38', '41', '2024-03-16 10:17:38', '41', '2024-03-16 10:17:38', '8');
INSERT INTO `pages` (`id`, `parent_id`, `templates_id`, `name`, `status`, `modified`, `modified_users_id`, `created`, `created_users_id`, `published`, `sort`) VALUES('8', '3', '2', 'list', '21', '2024-03-16 10:17:52', '40', '2024-03-16 10:17:38', '41', '2024-03-16 10:17:38', '0');
INSERT INTO `pages` (`id`, `parent_id`, `templates_id`, `name`, `status`, `modified`, `modified_users_id`, `created`, `created_users_id`, `published`, `sort`) VALUES('9', '3', '2', 'sort', '1047', '2024-03-16 10:17:38', '41', '2024-03-16 10:17:38', '41', '2024-03-16 10:17:38', '3');
INSERT INTO `pages` (`id`, `parent_id`, `templates_id`, `name`, `status`, `modified`, `modified_users_id`, `created`, `created_users_id`, `published`, `sort`) VALUES('10', '3', '2', 'edit', '1045', '2024-03-16 10:17:52', '40', '2024-03-16 10:17:38', '41', '2024-03-16 10:17:38', '4');
INSERT INTO `pages` (`id`, `parent_id`, `templates_id`, `name`, `status`, `modified`, `modified_users_id`, `created`, `created_users_id`, `published`, `sort`) VALUES('11', '22', '2', 'template', '21', '2024-03-16 10:17:38', '41', '2024-03-16 10:17:38', '41', '2024-03-16 10:17:38', '0');
INSERT INTO `pages` (`id`, `parent_id`, `templates_id`, `name`, `status`, `modified`, `modified_users_id`, `created`, `created_users_id`, `published`, `sort`) VALUES('16', '22', '2', 'field', '21', '2024-03-16 10:17:38', '41', '2024-03-16 10:17:38', '41', '2024-03-16 10:17:38', '2');
INSERT INTO `pages` (`id`, `parent_id`, `templates_id`, `name`, `status`, `modified`, `modified_users_id`, `created`, `created_users_id`, `published`, `sort`) VALUES('21', '2', '2', 'module', '21', '2024-03-16 10:17:38', '41', '2024-03-16 10:17:38', '41', '2024-03-16 10:17:38', '2');
INSERT INTO `pages` (`id`, `parent_id`, `templates_id`, `name`, `status`, `modified`, `modified_users_id`, `created`, `created_users_id`, `published`, `sort`) VALUES('22', '2', '2', 'setup', '21', '2024-03-16 10:17:38', '41', '2024-03-16 10:17:38', '41', '2024-03-16 10:17:38', '1');
INSERT INTO `pages` (`id`, `parent_id`, `templates_id`, `name`, `status`, `modified`, `modified_users_id`, `created`, `created_users_id`, `published`, `sort`) VALUES('23', '2', '2', 'login', '1035', '2024-03-16 10:17:38', '41', '2024-03-16 10:17:38', '41', '2024-03-16 10:17:38', '6');
INSERT INTO `pages` (`id`, `parent_id`, `templates_id`, `name`, `status`, `modified`, `modified_users_id`, `created`, `created_users_id`, `published`, `sort`) VALUES('27', '2', '29', 'http404', '1035', '2024-03-25 10:44:26', '41', '2024-03-16 10:17:38', '3', '2024-03-16 10:17:38', '5');
INSERT INTO `pages` (`id`, `parent_id`, `templates_id`, `name`, `status`, `modified`, `modified_users_id`, `created`, `created_users_id`, `published`, `sort`) VALUES('28', '2', '2', 'access', '13', '2024-03-16 10:17:38', '41', '2024-03-16 10:17:38', '41', '2024-03-16 10:17:38', '3');
INSERT INTO `pages` (`id`, `parent_id`, `templates_id`, `name`, `status`, `modified`, `modified_users_id`, `created`, `created_users_id`, `published`, `sort`) VALUES('29', '28', '2', 'users', '29', '2024-03-16 10:17:38', '41', '2024-03-16 10:17:38', '41', '2024-03-16 10:17:38', '0');
INSERT INTO `pages` (`id`, `parent_id`, `templates_id`, `name`, `status`, `modified`, `modified_users_id`, `created`, `created_users_id`, `published`, `sort`) VALUES('30', '28', '2', 'roles', '29', '2024-03-16 10:17:38', '41', '2024-03-16 10:17:38', '41', '2024-03-16 10:17:38', '1');
INSERT INTO `pages` (`id`, `parent_id`, `templates_id`, `name`, `status`, `modified`, `modified_users_id`, `created`, `created_users_id`, `published`, `sort`) VALUES('31', '28', '2', 'permissions', '29', '2024-03-16 10:17:38', '41', '2024-03-16 10:17:38', '41', '2024-03-16 10:17:38', '2');
INSERT INTO `pages` (`id`, `parent_id`, `templates_id`, `name`, `status`, `modified`, `modified_users_id`, `created`, `created_users_id`, `published`, `sort`) VALUES('32', '31', '5', 'page-edit', '25', '2024-03-16 10:17:38', '41', '2024-03-16 10:17:38', '41', '2024-03-16 10:17:38', '2');
INSERT INTO `pages` (`id`, `parent_id`, `templates_id`, `name`, `status`, `modified`, `modified_users_id`, `created`, `created_users_id`, `published`, `sort`) VALUES('34', '31', '5', 'page-delete', '25', '2024-03-16 10:17:38', '41', '2024-03-16 10:17:38', '41', '2024-03-16 10:17:38', '3');
INSERT INTO `pages` (`id`, `parent_id`, `templates_id`, `name`, `status`, `modified`, `modified_users_id`, `created`, `created_users_id`, `published`, `sort`) VALUES('35', '31', '5', 'page-move', '25', '2024-03-16 10:17:38', '41', '2024-03-16 10:17:38', '41', '2024-03-16 10:17:38', '4');
INSERT INTO `pages` (`id`, `parent_id`, `templates_id`, `name`, `status`, `modified`, `modified_users_id`, `created`, `created_users_id`, `published`, `sort`) VALUES('36', '31', '5', 'page-view', '25', '2024-03-16 10:17:38', '41', '2024-03-16 10:17:38', '41', '2024-03-16 10:17:38', '0');
INSERT INTO `pages` (`id`, `parent_id`, `templates_id`, `name`, `status`, `modified`, `modified_users_id`, `created`, `created_users_id`, `published`, `sort`) VALUES('37', '30', '4', 'guest', '25', '2024-03-16 10:17:38', '41', '2024-03-16 10:17:38', '41', '2024-03-16 10:17:38', '0');
INSERT INTO `pages` (`id`, `parent_id`, `templates_id`, `name`, `status`, `modified`, `modified_users_id`, `created`, `created_users_id`, `published`, `sort`) VALUES('38', '30', '4', 'superuser', '25', '2024-03-16 10:17:38', '41', '2024-03-16 10:17:38', '41', '2024-03-16 10:17:38', '1');
INSERT INTO `pages` (`id`, `parent_id`, `templates_id`, `name`, `status`, `modified`, `modified_users_id`, `created`, `created_users_id`, `published`, `sort`) VALUES('40', '29', '3', 'guest', '25', '2024-03-16 10:17:38', '41', '2024-03-16 10:17:38', '41', '2024-03-16 10:17:38', '1');
INSERT INTO `pages` (`id`, `parent_id`, `templates_id`, `name`, `status`, `modified`, `modified_users_id`, `created`, `created_users_id`, `published`, `sort`) VALUES('41', '29', '3', 'ddevadmin', '1', '2024-07-02 14:19:34', '0', '2024-03-16 10:17:38', '41', '2024-03-16 10:17:38', '0');
INSERT INTO `pages` (`id`, `parent_id`, `templates_id`, `name`, `status`, `modified`, `modified_users_id`, `created`, `created_users_id`, `published`, `sort`) VALUES('50', '31', '5', 'page-sort', '25', '2024-03-16 10:17:38', '41', '2024-03-16 10:17:38', '41', '2024-03-16 10:17:38', '5');
INSERT INTO `pages` (`id`, `parent_id`, `templates_id`, `name`, `status`, `modified`, `modified_users_id`, `created`, `created_users_id`, `published`, `sort`) VALUES('51', '31', '5', 'page-template', '25', '2024-03-16 10:17:38', '41', '2024-03-16 10:17:38', '41', '2024-03-16 10:17:38', '6');
INSERT INTO `pages` (`id`, `parent_id`, `templates_id`, `name`, `status`, `modified`, `modified_users_id`, `created`, `created_users_id`, `published`, `sort`) VALUES('52', '31', '5', 'user-admin', '25', '2024-03-16 10:17:38', '41', '2024-03-16 10:17:38', '41', '2024-03-16 10:17:38', '10');
INSERT INTO `pages` (`id`, `parent_id`, `templates_id`, `name`, `status`, `modified`, `modified_users_id`, `created`, `created_users_id`, `published`, `sort`) VALUES('53', '31', '5', 'profile-edit', '1', '2024-03-16 10:17:38', '41', '2024-03-16 10:17:38', '41', '2024-03-16 10:17:38', '13');
INSERT INTO `pages` (`id`, `parent_id`, `templates_id`, `name`, `status`, `modified`, `modified_users_id`, `created`, `created_users_id`, `published`, `sort`) VALUES('54', '31', '5', 'page-lock', '1', '2024-03-16 10:17:38', '41', '2024-03-16 10:17:38', '41', '2024-03-16 10:17:38', '8');
INSERT INTO `pages` (`id`, `parent_id`, `templates_id`, `name`, `status`, `modified`, `modified_users_id`, `created`, `created_users_id`, `published`, `sort`) VALUES('300', '3', '2', 'search', '1045', '2024-03-16 10:17:38', '41', '2024-03-16 10:17:38', '41', '2024-03-16 10:17:38', '6');
INSERT INTO `pages` (`id`, `parent_id`, `templates_id`, `name`, `status`, `modified`, `modified_users_id`, `created`, `created_users_id`, `published`, `sort`) VALUES('301', '3', '2', 'trash', '1047', '2024-03-16 10:17:38', '41', '2024-03-16 10:17:38', '41', '2024-03-16 10:17:38', '6');
INSERT INTO `pages` (`id`, `parent_id`, `templates_id`, `name`, `status`, `modified`, `modified_users_id`, `created`, `created_users_id`, `published`, `sort`) VALUES('302', '3', '2', 'link', '1041', '2024-03-16 10:17:38', '41', '2024-03-16 10:17:38', '41', '2024-03-16 10:17:38', '7');
INSERT INTO `pages` (`id`, `parent_id`, `templates_id`, `name`, `status`, `modified`, `modified_users_id`, `created`, `created_users_id`, `published`, `sort`) VALUES('303', '3', '2', 'image', '1041', '2024-03-16 10:17:38', '41', '2024-03-16 10:17:38', '41', '2024-03-16 10:17:38', '8');
INSERT INTO `pages` (`id`, `parent_id`, `templates_id`, `name`, `status`, `modified`, `modified_users_id`, `created`, `created_users_id`, `published`, `sort`) VALUES('304', '2', '2', 'profile', '1025', '2024-03-16 10:17:38', '41', '2024-03-16 10:17:38', '41', '2024-03-16 10:17:38', '4');
INSERT INTO `pages` (`id`, `parent_id`, `templates_id`, `name`, `status`, `modified`, `modified_users_id`, `created`, `created_users_id`, `published`, `sort`) VALUES('1006', '31', '5', 'page-lister', '1', '2024-03-16 10:17:38', '40', '2024-03-16 10:17:38', '40', '2024-03-16 10:17:38', '9');
INSERT INTO `pages` (`id`, `parent_id`, `templates_id`, `name`, `status`, `modified`, `modified_users_id`, `created`, `created_users_id`, `published`, `sort`) VALUES('1007', '3', '2', 'lister', '1', '2024-03-16 10:17:38', '40', '2024-03-16 10:17:38', '40', '2024-03-16 10:17:38', '9');
INSERT INTO `pages` (`id`, `parent_id`, `templates_id`, `name`, `status`, `modified`, `modified_users_id`, `created`, `created_users_id`, `published`, `sort`) VALUES('1010', '3', '2', 'recent-pages', '1', '2024-03-16 10:17:51', '40', '2024-03-16 10:17:51', '40', '2024-03-16 10:17:51', '10');
INSERT INTO `pages` (`id`, `parent_id`, `templates_id`, `name`, `status`, `modified`, `modified_users_id`, `created`, `created_users_id`, `published`, `sort`) VALUES('1011', '31', '5', 'page-edit-recent', '1', '2024-03-16 10:17:51', '40', '2024-03-16 10:17:51', '40', '2024-03-16 10:17:51', '10');
INSERT INTO `pages` (`id`, `parent_id`, `templates_id`, `name`, `status`, `modified`, `modified_users_id`, `created`, `created_users_id`, `published`, `sort`) VALUES('1012', '22', '2', 'logs', '1', '2024-03-16 10:17:52', '40', '2024-03-16 10:17:52', '40', '2024-03-16 10:17:52', '2');
INSERT INTO `pages` (`id`, `parent_id`, `templates_id`, `name`, `status`, `modified`, `modified_users_id`, `created`, `created_users_id`, `published`, `sort`) VALUES('1013', '31', '5', 'logs-view', '1', '2024-03-16 10:17:52', '40', '2024-03-16 10:17:52', '40', '2024-03-16 10:17:52', '11');
INSERT INTO `pages` (`id`, `parent_id`, `templates_id`, `name`, `status`, `modified`, `modified_users_id`, `created`, `created_users_id`, `published`, `sort`) VALUES('1014', '31', '5', 'logs-edit', '1', '2024-03-16 10:17:52', '40', '2024-03-16 10:17:52', '40', '2024-03-16 10:17:52', '12');
INSERT INTO `pages` (`id`, `parent_id`, `templates_id`, `name`, `status`, `modified`, `modified_users_id`, `created`, `created_users_id`, `published`, `sort`) VALUES('1016', '31', '5', 'rockfrontend-alfred', '1', '2024-03-16 12:21:07', '41', '2024-03-16 12:21:07', '41', '2024-03-16 12:21:07', '13');
INSERT INTO `pages` (`id`, `parent_id`, `templates_id`, `name`, `status`, `modified`, `modified_users_id`, `created`, `created_users_id`, `published`, `sort`) VALUES('1017', '22', '2', 'upgrades', '1', '2024-03-24 15:06:03', '41', '2024-03-24 15:06:03', '41', '2024-03-24 15:06:03', '4');
INSERT INTO `pages` (`id`, `parent_id`, `templates_id`, `name`, `status`, `modified`, `modified_users_id`, `created`, `created_users_id`, `published`, `sort`) VALUES('1021', '22', '2', 'adminer', '1', '2024-03-24 16:15:08', '41', '2024-03-24 16:15:08', '41', '2024-03-24 16:15:08', '5');
INSERT INTO `pages` (`id`, `parent_id`, `templates_id`, `name`, `status`, `modified`, `modified_users_id`, `created`, `created_users_id`, `published`, `sort`) VALUES('1025', '30', '4', 'webmaster', '1', '2024-05-19 19:02:45', '41', '2024-05-19 19:02:20', '41', '2024-05-19 19:02:41', '2');
INSERT INTO `pages` (`id`, `parent_id`, `templates_id`, `name`, `status`, `modified`, `modified_users_id`, `created`, `created_users_id`, `published`, `sort`) VALUES('1028', '1', '29', 'basic-page', '1', '2024-07-02 14:28:01', '41', '2024-07-02 14:28:01', '41', '2024-07-02 14:28:01', '2');
INSERT INTO `pages` (`id`, `parent_id`, `templates_id`, `name`, `status`, `modified`, `modified_users_id`, `created`, `created_users_id`, `published`, `sort`) VALUES('1029', '22', '2', 'adminer-renderer', '1024', '2024-09-25 16:01:16', '41', '2024-09-25 16:01:16', '41', '2024-09-25 16:01:16', '6');

DROP TABLE IF EXISTS `pages_access`;
CREATE TABLE `pages_access` (
  `pages_id` int(11) NOT NULL,
  `templates_id` int(11) NOT NULL,
  `ts` timestamp NOT NULL DEFAULT current_timestamp() ON UPDATE current_timestamp(),
  PRIMARY KEY (`pages_id`),
  KEY `templates_id` (`templates_id`)
) ENGINE=MyISAM DEFAULT CHARSET=utf8 COLLATE=utf8mb4_general_ci;

INSERT INTO `pages_access` (`pages_id`, `templates_id`, `ts`) VALUES('27', '2', '2024-03-25 10:44:11');
INSERT INTO `pages_access` (`pages_id`, `templates_id`, `ts`) VALUES('32', '2', '2024-03-16 10:17:38');
INSERT INTO `pages_access` (`pages_id`, `templates_id`, `ts`) VALUES('34', '2', '2024-03-16 10:17:38');
INSERT INTO `pages_access` (`pages_id`, `templates_id`, `ts`) VALUES('35', '2', '2024-03-16 10:17:38');
INSERT INTO `pages_access` (`pages_id`, `templates_id`, `ts`) VALUES('36', '2', '2024-03-16 10:17:38');
INSERT INTO `pages_access` (`pages_id`, `templates_id`, `ts`) VALUES('37', '2', '2024-03-16 10:17:38');
INSERT INTO `pages_access` (`pages_id`, `templates_id`, `ts`) VALUES('38', '2', '2024-03-16 10:17:38');
INSERT INTO `pages_access` (`pages_id`, `templates_id`, `ts`) VALUES('50', '2', '2024-03-16 10:17:38');
INSERT INTO `pages_access` (`pages_id`, `templates_id`, `ts`) VALUES('51', '2', '2024-03-16 10:17:38');
INSERT INTO `pages_access` (`pages_id`, `templates_id`, `ts`) VALUES('52', '2', '2024-03-16 10:17:38');
INSERT INTO `pages_access` (`pages_id`, `templates_id`, `ts`) VALUES('53', '2', '2024-03-16 10:17:38');
INSERT INTO `pages_access` (`pages_id`, `templates_id`, `ts`) VALUES('54', '2', '2024-03-16 10:17:38');
INSERT INTO `pages_access` (`pages_id`, `templates_id`, `ts`) VALUES('1006', '2', '2024-03-16 10:17:38');
INSERT INTO `pages_access` (`pages_id`, `templates_id`, `ts`) VALUES('1011', '2', '2024-03-16 10:17:51');
INSERT INTO `pages_access` (`pages_id`, `templates_id`, `ts`) VALUES('1013', '2', '2024-03-16 10:17:52');
INSERT INTO `pages_access` (`pages_id`, `templates_id`, `ts`) VALUES('1014', '2', '2024-03-16 10:17:52');
INSERT INTO `pages_access` (`pages_id`, `templates_id`, `ts`) VALUES('1016', '2', '2024-03-16 12:21:07');
INSERT INTO `pages_access` (`pages_id`, `templates_id`, `ts`) VALUES('1025', '2', '2024-05-19 19:02:20');
INSERT INTO `pages_access` (`pages_id`, `templates_id`, `ts`) VALUES('1028', '1', '2024-07-02 14:28:01');

DROP TABLE IF EXISTS `pages_parents`;
CREATE TABLE `pages_parents` (
  `pages_id` int(10) unsigned NOT NULL,
  `parents_id` int(10) unsigned NOT NULL,
  PRIMARY KEY (`pages_id`,`parents_id`)
) ENGINE=MyISAM DEFAULT CHARSET=utf8 COLLATE=utf8mb4_general_ci;

INSERT INTO `pages_parents` (`pages_id`, `parents_id`) VALUES('2', '1');
INSERT INTO `pages_parents` (`pages_id`, `parents_id`) VALUES('3', '1');
INSERT INTO `pages_parents` (`pages_id`, `parents_id`) VALUES('3', '2');
INSERT INTO `pages_parents` (`pages_id`, `parents_id`) VALUES('7', '1');
INSERT INTO `pages_parents` (`pages_id`, `parents_id`) VALUES('22', '1');
INSERT INTO `pages_parents` (`pages_id`, `parents_id`) VALUES('22', '2');
INSERT INTO `pages_parents` (`pages_id`, `parents_id`) VALUES('27', '2');
INSERT INTO `pages_parents` (`pages_id`, `parents_id`) VALUES('28', '1');
INSERT INTO `pages_parents` (`pages_id`, `parents_id`) VALUES('28', '2');
INSERT INTO `pages_parents` (`pages_id`, `parents_id`) VALUES('29', '1');
INSERT INTO `pages_parents` (`pages_id`, `parents_id`) VALUES('29', '2');
INSERT INTO `pages_parents` (`pages_id`, `parents_id`) VALUES('29', '28');
INSERT INTO `pages_parents` (`pages_id`, `parents_id`) VALUES('30', '1');
INSERT INTO `pages_parents` (`pages_id`, `parents_id`) VALUES('30', '2');
INSERT INTO `pages_parents` (`pages_id`, `parents_id`) VALUES('30', '28');
INSERT INTO `pages_parents` (`pages_id`, `parents_id`) VALUES('31', '1');
INSERT INTO `pages_parents` (`pages_id`, `parents_id`) VALUES('31', '2');
INSERT INTO `pages_parents` (`pages_id`, `parents_id`) VALUES('31', '28');

DROP TABLE IF EXISTS `pages_sortfields`;
CREATE TABLE `pages_sortfields` (
  `pages_id` int(10) unsigned NOT NULL DEFAULT 0,
  `sortfield` varchar(20) NOT NULL DEFAULT '',
  PRIMARY KEY (`pages_id`)
) ENGINE=MyISAM DEFAULT CHARSET=utf8 COLLATE=utf8mb4_general_ci;


DROP TABLE IF EXISTS `session_login_throttle`;
CREATE TABLE `session_login_throttle` (
  `name` varchar(128) NOT NULL,
  `attempts` int(10) unsigned NOT NULL DEFAULT 0,
  `last_attempt` int(10) unsigned NOT NULL,
  PRIMARY KEY (`name`)
) ENGINE=MyISAM DEFAULT CHARSET=utf8 COLLATE=utf8mb4_general_ci;

DROP TABLE IF EXISTS `templates`;
CREATE TABLE `templates` (
  `id` int(10) unsigned NOT NULL AUTO_INCREMENT,
  `name` varchar(191) CHARACTER SET ascii COLLATE ascii_general_ci NOT NULL,
  `fieldgroups_id` int(10) unsigned NOT NULL DEFAULT 0,
  `flags` int(11) NOT NULL DEFAULT 0,
  `cache_time` mediumint(9) NOT NULL DEFAULT 0,
  `data` text NOT NULL,
  PRIMARY KEY (`id`),
  UNIQUE KEY `name` (`name`),
  KEY `fieldgroups_id` (`fieldgroups_id`)
) ENGINE=MyISAM AUTO_INCREMENT=43 DEFAULT CHARSET=utf8 COLLATE=utf8mb4_general_ci;

INSERT INTO `templates` (`id`, `name`, `fieldgroups_id`, `flags`, `cache_time`, `data`) VALUES('1', 'home', '1', '0', '0', '{\"useRoles\":1,\"editRoles\":[1025],\"addRoles\":[1025],\"createRoles\":[1025],\"noParents\":1,\"slashUrls\":1,\"compile\":0,\"modified\":1727374743,\"ns\":\"\\\\\",\"_lazy\":1,\"roles\":[37,1025]}');
INSERT INTO `templates` (`id`, `name`, `fieldgroups_id`, `flags`, `cache_time`, `data`) VALUES('2', 'admin', '2', '8', '0', '{\"useRoles\":1,\"parentTemplates\":[2],\"allowPageNum\":1,\"redirectLogin\":23,\"slashUrls\":1,\"noGlobal\":1,\"compile\":3,\"modified\":1727346886,\"ns\":\"ProcessWire\",\"_lazy\":1}');
INSERT INTO `templates` (`id`, `name`, `fieldgroups_id`, `flags`, `cache_time`, `data`) VALUES('3', 'user', '3', '8', '0', '{\"useRoles\":1,\"noChildren\":1,\"parentTemplates\":[2],\"slashUrls\":1,\"pageClass\":\"User\",\"noGlobal\":1,\"noMove\":1,\"noTrash\":1,\"noSettings\":1,\"noChangeTemplate\":1,\"nameContentTab\":1}');
INSERT INTO `templates` (`id`, `name`, `fieldgroups_id`, `flags`, `cache_time`, `data`) VALUES('4', 'role', '4', '8', '0', '{\"noChildren\":1,\"parentTemplates\":[2],\"slashUrls\":1,\"pageClass\":\"Role\",\"noGlobal\":1,\"noMove\":1,\"noTrash\":1,\"noSettings\":1,\"noChangeTemplate\":1,\"nameContentTab\":1}');
INSERT INTO `templates` (`id`, `name`, `fieldgroups_id`, `flags`, `cache_time`, `data`) VALUES('5', 'permission', '5', '8', '0', '{\"noChildren\":1,\"parentTemplates\":[2],\"slashUrls\":1,\"guestSearchable\":1,\"pageClass\":\"Permission\",\"noGlobal\":1,\"noMove\":1,\"noTrash\":1,\"noSettings\":1,\"noChangeTemplate\":1,\"nameContentTab\":1}');
INSERT INTO `templates` (`id`, `name`, `fieldgroups_id`, `flags`, `cache_time`, `data`) VALUES('29', 'basic-page', '83', '0', '0', '{\"slashUrls\":1,\"compile\":3,\"modified\":1727346886,\"ns\":\"\\\\\",\"_lazy\":1}');

UPDATE pages SET created_users_id=41, modified_users_id=41, created=NOW(), modified=NOW();

# --- /WireDatabaseBackup {"numTables":12,"numCreateTables":18,"numInserts":291,"numSeconds":0}